title,poem_cleaned
Hüzün Şiiri,
,Çöl çöl olmuş kalbimiz hal olmuş bize
,Şam nerede akşam hal olmuş bize
,Yağmalanmış kalbimin ülkesi Kudüs
,Filistin Endülüs hal olmuş bize
,Buhara nerede ey baharı unutmuş kalbim
,Şam nerede akşam hal olmuş bize
,Sürülmüş sahipleri canım İstanbul'un
,Tükenmiş gurbetlerde hal olmuş bize
,Kurumuş ta içerden İstanbul çeşmeleri
,Kalmamış damla su hal olmuş bize
,Bizlere sunulmuş gerçi şarabı kevser
,Nerdedir içenleri hal olmuş bize
,niçin susmaktasın ey şiiri şairin
,zulüm boğmuş bizi hal olmuş bize
,Önümüzde uçuşan sayfaları tarihin
,Savrulmuş dört yana hal olmuş bize
,Geride paramparça şiir coğrafyası
,yıkılmış viran olmuş hal olmuş bize
,Çıkmaz olmuş nerdedir kahraman dergilerin
,Kahraman sayfaları hal olmuş bize
,Öpsek yeridir hüzünlü gözlerinden
,Narin minarelerin hal olmuş bize
,Kan gölleri içinde şimdi Filistin gülleri
,Kapanmış Kudüs yolları hal olmuş bize
,Derin uykular tutmuş bizi ey
,Dağlar gürleyin hal olmuş bize
,Ey bizi bekleyip bekleyip hüzünlenen çağ
,hal olmuş bize hal olmuş bize
,
 Hıfz Edin Evladım Siz Bu Vatanı,
,Hıfz edin evladım vatanı
,Sâyenizde bizim devrânımız var
,Zikr edin daima ism-i Rahman’ı
,Bizim sığınacak Sübhan’ımız var
,Kahraman olanın beslenir yurdu
,kahraman düşmanları devirdi
,Arslan bırakır yurduna kurdu
,Pençesinde polad kalkanımız var
,Kavi kalbli olun gûş verin bana
,Arslan pençe salın yana
,Yüz on dört surede innâ fetahnâ
,Sancakta yazılı Kur’ân’ımız var
,On altı senelik taze gülüz
,Gazi Paşa bağçesinde bülbülüz
,Muhammed’e ümmet Allah’a kuluz
,Enbiyalar şahı sultanımız var
,Lozan sarayında hükümler veren
,Düşman sinesine yumruklar vuran
,Yıkılmaz binanın himini kuran
,Yavuz ünvanında hanımız var
,Gel berü ey hain sözün varısa
,El uzatma bahtın sana yarısa
,Çakmaktan ataşlar parıldarısa
,Yandırır cihanı gümanımız var
,Başımızda hep bahtıyarımız
,Yaşasın kurbandır külli varımız
,Düşmanlara darbe vurmak kârımız
,Türk evlâdıyız vicdanımız var
,Cemâl Hoca aşkın dağlardan aşır
,Bütün Arap ülkelerine taşır
,Din cûş eder cümle İslâm birleşir
,Cihangir olmağa nişanımız var
,
Yiğitler Silkinip Ata Binende 1,
,Yiğitler silkinip ata binende
,Derelere aç kurtlara ün olur
,Yiğit olan döne döne dövüşür
,Kötüler kavgadan kaçar hun olur
,yiğit cidasın almış eline
,Başın koymuş yiğitliğin yoluna
,Kalkan paralana zırhlar deline
,Kanlı gömlek koçyiğide don olur
,yiğit cidasın almış atıyor
,Ağ elleri kızıl ana batıyor
,Kötü yoldaşını koymuş kaçıyor
,Kaçma kötü kaçma şimdi dön olur
,Hasım çağırır figan ağıtlar
,İman ehli birbirini öğütler
,Boydan boya demir donlu yiğitler
,Çalar cıdasını kahraman olur
,Köroğlu der kalmayın naçar
,Serçenin gönlünden şahinlik geçer
,Şahini görünce ormana kaçar
,Gider tenhalarda kahraman olur
,
Cevher Avı,
,ay: Tanrının karanlığa fısıldaması.
,"hangi ses o, beni şeffaf"
,mefhumlarda dillerden dillere
,lisanlardan lisanlara
,
,zarif tanrıçanın ihaneti
,dolaştırabilecek ehemmiyeti taşıyor
,bariz cehenneminde.
,"Tarifi imkansız, bedenin."
,Kahraman olan kalbimiz.
,Yeneceğimiz tek düşman
,suretteki kendimiziz.
,hiç kimse civar diye adlandırılmamalı
,aşktan beter şey yok dünyada!
,
Çanakkale Geçilmez!,
,"Peygamber'den muştulu Anadolu yiğidi,"
,"Ana alnını öpmüş, baba vermiş öğüdü,"
,"Tetiklemiş onları, yavuklunun ağıdı.."
,"Suda balık, gökte kuş dua dua inliyor!"
,Çanakkale geçilmez! Kulaklarda çınlıyor.
,"Nice okul boşalmış, vatana asker gerek!"
,"Sevdayla çarpar sine, imanla dolu yürek!"
,"Ölum! Emrini almış, koşuyorlar gülerek.."
,"Melekler inmiş yere, Mehmetçiği dinliyor"
,Çanakkale geçilmez! Kulaklarda çınlıyor.
,"Kalp imanla çarpınca aklın, dilin susması,"
,"Durdurmuyor onları kurşunun kan kusması,"
,Gencecik insanların şahadete koşması.
,"İnancın zaferini bütün dünya anlıyor,"
,Çanakkale geçilmez! Kulaklarda çınlıyor.
,Rahmet meleklerinin coşturduğu yürekler!
,"öyle iman dağları sürükler,"
,"Top, tüfek, tanka karşı balta, kazma, kürekler."
,Emperyalist canavar neye çattı? Anlıyor
,Çanakkale geçilmez! Kulaklarda çınlıyor.
,"Düşman kudurmuş gibi, göz dikmişler yurda!"
,"Taşa sor, toprağa sor 'Neler olmuştu orda? '"
,Kanlı sırta dön bak! Kan akıyor dağlarda.
,Bayrağımın rengini dünya tekrar anlıyor!
,Çanakkale geçilmez! Kulaklarda çınlıyor.
,Mermiler mermilerle çarpışıyor havada
,"İslam'ın son bekçisi dağda, taşta, ovada"
,"Elde Kur'an, gözde yaş, bütün diller duada."
,İnancın zaferini bütün dünya anlıyor!
,Çanakkale geçilmez! Kulaklarda çınlıyor.
,"karış toprağında bin şehit kanı var,"
,"Emperyalizme karşı dağ imanı var,"
,destan bitmez hiç! Milyonlarca anı var.
,Alem selama durmuş zaferi dinliyor!
,Çanakkale geçilmez! Kulaklarda çınlıyor..
,
"Yaz, Her Büyüyü Yapabilir",
,hadi dünyaya çıkalım taşlar sayıklıyor
,babam ölmüş gece vakti taşlar sayıklıyor
,köpekler nöbetçilere havlıyor taşlar sayıklıyor
,yırtık kumaş kalbim
,"ilkbahar, düştaşması bahçelere aykırı leke"
,"yalnızız, kahraman değiliz taşlar sayıklıyor"
,taşların belleğinde atıyor nabzımız
,ey kaderine yükümlü metin
,teknolojiye rüzgar çentiği
,"kızkardeşinim, zulasına sığınmış"
,çetin sözcük
,tunç göğsüne soru işareti
,yaralı cerenin sesini inliyorum
,fosfora bulanmış anason yüzünde
,demek taşlar dem çekiyor! ..
,kendimi tırnak içine alıyorum
,yaz işte büyüyü yapabilir
,
Bir Yolcuya,
,Dur yolcu! Bilmeden gelip bastığın
,"toprak, devrin battığı yerdir."
,"Eğil kulak ver, sessiz yığın"
,vatan kalbinin attığı yerdir.
,"ıssız, gölgesiz yolun sonunda"
,"Gördüğün tümsek Anadolu'nda,"
,"İstiklal uğrunda, namus yolunda"
,Can veren Mehmed’in yattığı yerdir.
,"tümsek, koparken büyük zelzele,"
,"Son vatan parçası geçerken ele,"
,Mehmed’in düşmanı boğdugu sele
,Mübarek kanını kattığı yerdir.
,"Düşün ki, haşrolan kan, kemik, etin"
,"Yaptığı tümsek, amansız, çetin"
,harbin sonunda bütün milletin
,Hürriyet zevkini tattığı yerdir.
,
Bir Bayrak Rüzgar Bekliyor!,
,"Şehitler tepesi boş değil,"
,Biri var bekliyor.
,"göğüs, nefes almak için;"
,Rüzgar bekliyor.
,Türbesi yakışmış kutlu tepeye;
,"Yattığı toprak belli,"
,"Tuttuğu bayrak belli,"
,Kim demiş meçhul asker diye?
,"Destanını yapmış, kasideye kanmış."
,"el ki; ahretten uzanmış,"
,Edeple gelip birer birer öpsün diye fâniler!
,"Öpelim temizse dudaklarımız,"
,basmasın toprağa temiz değilse ayaklarımız.
,Rüzgarını kesmesin gövdeler
,"Sesinden yüksek çıkmasın nutuklar, kasîdeler."
,"Geri gitsin alkışlar geri,"
,Geri gitsin ellerin yapma çiçekleri!
,"Ona oğullardan, analardan dilekler yeter,"
,"Yazın sarı, kışın beyaz çiçekler yeter!"
,"Söyledi söyleyenler demin,"
,Gel süngülü yiğit alkışlasınlar
,"Şimdi söyle, söz senin."
,"Şehitler tepesi boş değil,"
,Toprağını kahramanlar bekliyor!
,bayrak dalgalanmak için;
,Rüzgar bekliyor!
,"Destanı öksüz, sükûtu derin meçhul askerin;"
,Türbesi yakışmış kutlu tepeye
,"Yattığı toprak belli,"
,"Tuttuğu bayrak belli,"
,Kim demiş meçhul asker diye? ...
,
Cenge Giderken,
,"Türk'üm; dinim, cinsim uludur;"
,"Sinem, özüm ateş doludur."
,İnsan olan vatanının kuludur.
,Türk evladı evde durmaz giderim.
,Muhammed'in kitabını kaldırtmam;
,Osmancık'ın bayrağını aldırtmam;
,Düşmanımı vatanıma saldırtmam.
,"Tanrı evi viran olmaz, giderim."
,topraklar ecdadımın ocağı;
,"Evim, köyüm hep yerin bucağı;"
,"İşte vatan, işte Tanrı kucağı."
,"Ata yurdun, evlat bozmaz, giderim."
,"Tanrım şahit, duracağım sözümde;"
,Milletimin sevgileri özümde;
,Vatanımdan şey yok gözümde.
,"Yâr yatağın düşman almaz, giderim."
,Ak gömlekle gözyaşımı silerim;
,Kara taşla bıçağımı bilerim;
,Vatanım yücelikler dilerim.
,"dünyada kimse kalmaz, giderim."
,
"Mehmetçik-""siz hiç ay aşığında ağladınız mı"" 2007",
,Yedi düvel yankılanır sesinde
,Kıtaların onurudur Mehmetçik
,Kutlu yolun şuuru var hissinde
,Birliğimin sürurudur Mehmetçik
,Arşa çıkar ayak sesi geçerken
,Ona sorar güller gonca açarken
,Tufan durur ateş söner varken
,Vatanımın göz nurudur Mehmetçik
,kahraman efsanedir dillerde
,Altaylardan Galiçya’ya yerde
,Üç kıtaya dağılacak ilerde
,Kıtaların huzurudur Mehmetçik
,Vatanımda hiç batmayan güneş
,Kime baba kime kardeş kime eş
,Alev alev vatan tüter pür ateş
,Ordumuzun gururudur Mehmetçik
,Nerde zulüm pür gayretle varılır
,Tez zamanda hesapları görülür
,Cephe cephe şahadetle dirilir
,Şehâdetin şehiridir Mehmetçik
,Mehmet demek altın çağa niyâzdır
,İdrâk etmek yaşamaktır vaazdır
,Kosova’dır Kafkasya’dır Hicazdır
,İnsanlığın şiârıdır Mehmetçik
,Ölümsüzlük azığından beslenir
,Yiğitliğin zirvesinden seslenir
,Ölüm nedir ötesinden süslenir
,Milletimin şuurudur Mehmetçik
,Namus benim vatanımdır buyurdu
,Ak kanıyla sulamıştır yurdu
,Düşmanını sofrasında doyurdu
,Çanakkale şiiridir Mehmetçik
,Hey Malazgirt Sarıkamış Niğbolu
,En derûni mânalarla dopdolu
,Billur billur gözyaşları buğulu
,Sâmimiyet duvarıdır Mehmetçik
,vatanın yavuklusu hastası
,Asırlardır bağımsızlık bestesi
,“Ya istiklâl ölüm”dür güftesi
,İstikbâlin şâiridir Mehmetçik
,ölür şühedâ vatan
,Ölmez demiş müjdelemiş Yaratan
,Micingirt der Mehmetçiğim cân cân cân
,Peygamberler diyârıdır Mehmetçik
,
Kız Kaçırma Operasyonu,
,Kız kaçırma operasyonu
,Sepetli motor
,İki parkalı adam
,liseli kız
,Belde akrep
,Haydi rasgele yollar
,Peşimize takılan düğün konvoyu değildi elbet
,Maskeli balonun başrol oyuncuları yada
,"En kahraman Rıdvan,dayı,amca hep orda"
,çatırtı
,Koptu kızıl kıyamet
,Fişekler uçtu havada
,Kurşunlar havadan ağır
,Avazın çıktığı bağır
,Hiç kimse duymadı
,hiç kimse bağırmadı
,Ses çıkarmadı
,Kızmayın canım gelin alın kızınızı
,Şaka yaptık işte
,Hiç şakadan falan anlamıyorsunuz?
,şakası be
,Adam istedik kızınızı
,Basacaktık nikahı
,Bırakmadınız
,istediniz aşktan
,anlarsınız aşktan
,Gelin gücünüz yetiyorsa teslim alın
,Ayağımın tozuna ulaşamazsınız
,Açarım kafanıza kocaman delik
,"Sıratı geçemez siniz,"
,böyle yarı kel yarı fodul
,Aramızda kılıç kalkan ekibi
,Bastılar evi raptiyeler
,Aman yerimize batmasın diye raptiyeler
,Ayrıldık üç beş günlüğüne sevdiğimizden
,Varıp yattık mahpusta üç beş gün
,Çıkınca iyice olduk kahraman
,Varıp çaldık kapısını evinizin
,Dedik işi bitirelim hele
,"Hısım akraba, dayı, kabadayı"
,Şöyle çekilsin kenara çay içsin
,Hesabı olan gelsin işte hodri meydan
,"şimdi konuşsun,"
,Yada hiç konuşmasın
,Kırk gün kırk gece çalsın davul
,Gül dalına asmaya gelmedim sevinçlerimi
,Aldım gidiyorum
,başlık parası vermeden sevdiğimi
,
Kalmadı Bende,
,"insan öyle, yolundan şaşınca"
,"Dert üstüne, dert başımdan aşınca"
,"Gelir bulur beni, ondan kaçınca"
,"Çekmeye tahammül, kalmadı bende"
,"Felek vurdu bana, büküldü belim"
,"Nefesim kesildi, tutuldu dilim"
,"Yalanın meydanda, göründü kelin"
,"Yazacak şeyin, kalmadı bende"
,"yazsam sana, diyeceğim yoktur"
,"Gelirsen yanıma, dermanım çoktur"
,"Hep böyle gitmeye, takatim yoktur"
,"Çekmeye tahammül, kalmadı bende"
,"Der Midayet, gün gelip sormadı"
,"Onca acı çektim, yaram sarmadı"
,"Selam verdim, selamımı salmadı"
,"Çekmeye tahammül, kalmadı bende"
,(0689) Şubat 2006
,
Kahraman ordum,
,Yaşasın varolsun
,Kahraman ordum
,Onlarla güvende
,cennet yurdum
,Kar kış demeden
,Vatanı bekler
,Onlarla atıyor
,Bütün yürekler
,Kahraman ordum
,Kahraman asker
,vatan millet
,Sana minnettar
,
Kahraman Ecdada Vefa Borcumla,
,"Çiçekler içinde gülü seçmişim,"
,"Vatana millete serdengeçmişim,"
,"Altaydan Tunaya rüzgar esmişim,"
,Kahraman ecdadavefa borcumla.
,"Sözleri bırakıp özde durarak,"
,"Zamanın çarkına çomak sokarak,"
,"Yaralı dostlara merhem sunarak,"
,Kahraman ecdada vefa borcumla.
,"Sırtımda taşırım ağar yükleri,"
,"Türkü iyi bilir çarı dükleri,"
,"Yeniden yeşertip çorak bükleri,"
,Kahraman ecdada vefa borcumla.
,"Gökte hilal turan olmuşum,"
,"Şükür ülkü adlı yari bulmuşum,"
,"dava uğruna nefer olmuşum,"
,Kahraman ecdada vefa borcumla.
,"Serdengeçtim atım yayım hazırdır,"
,"Canımda kanımda yurda nazımdır,"
,"Özgürlük önce kurda lazımdır,"
,Kahraman ecdada vefa borcumla.
,
Kahraman Dayı,
,Namuslu dürüst komşuydu
,Kızıp bağırması huydu
,Muhtar oldu Kangal duydu
,Komşumuz Kahraman Dayı.
,Çalışkan işine bakar
,Kış olur gurbete çıkar
,İmam olur ölü yıkar
,Def(i) neder Kahraman Dayı.
,Köyden İstanbul’a göçtü
,Hayırlı babaydı eşti
,Yıllar çabukta geçti
,Döndü bak Kahraman Dayı.
,Ezan okur ses güzeldi
,Alan veren Allah derdi
,istedi Rabbim verdi
,Ev yaptı Kahraman Dayı.
,Var idi köyde meramı
,Bazen gelirdi selamı
,Dilinde Allah kelamı
,Söylerdi Kahraman Dayı.
,Hayriye eşiydi
,Köye dönmek tek düşüydü
,Babamla emsal yaşıydı
,Gardaştı Kahraman Dayı.
,Anamdı meme vermişti
,Hayriye anama eşti
,Fevzi’yle gardaş demişti
,Severdi Kahraman Dayı.
,Daha dün köyde görmüştüm
,Sarılmış elin öpmüştüm
,Helalık alıp dönmüştüm
,Başkaydı Kahraman Dayı.
,Senden ayrı geçen yazı
,Unutmazlar oğlu kızı
,Torunların
,Hatırlar Kahraman dayı.
,Kayaturan söyler sözü
,Rahmana ayandır özü
,Yıllar sonra gören gözü
,Silen var Kahraman Dayı.
,(30. 09.2010 Saat: 09.39)
,
Kahraman Türk Askeri,
,"Kahraman Türk Askeri,her zaman ünlüdür"
,"Kahraman Türk Erleri,her zaman şanlıdır"
,"Savaşta, barışta ün salmış"
,Ölümü zaman göze almış
,"Göğsünü, düşmana siper yapmış"
,türlü güçlüğe karşı yılmamış
,Hiç kimse ona kötüdür diyemez
,Hiç kurşun onun göğsüne işlemez
,"onun göğsü, hep imanlıdır"
,"şehit olmak için,çırpınır durur"
,"Kahraman Türk Askeri,her zaman örnektir"
,"Kahraman Türk Erleri,her zaman cesurdur"
,Savaşta barışta ün salmış
,Ölümü zaman göze almış
,Göğsünü düşmana siper yapmış
,türlü güçlüğe karşı yılmamış
,"Hiç kimse ona, korkaktır diyemez"
,"adına kötü bir, leke süremez"
,"onun göğsü,hep inançlıdır"
,"şehit ölmek için,çarpışır durur"
,"Kahraman Türk Askeri,her zaman üstündür"
,"Kahraman Türk Erleri, zaman dürüsttür."
,
Kahraman Mehmedim varolasın sen,
,Coştu şanlı ordum ateş sönmez
,Dünya şahit olsun bayraklar inmez
,Ebedi yurdumda ezanlar dinmez
,Kahraman Mehmedim varolasın
,Aziz vatanıma düşman giremez
,Kimse hainlikten fayda göremez
,birliği bozup kaos veremez
,Kahraman Mehmedim varolasın
,Kış kıyamet karda kalkıp yürünür
,Canı pahasına ülke korunur
,Leşe dönmüş hain yerde sürünür
,Kahraman Mehmedim varolasın
,İnlerine doğru tanklar çevrilir
,Havadan karadan ateş savrulur
,Türk’ün heybetinden dağlar devrilir
,Kahraman Mehmedim varolasın
,"Birdir tek millettir Türkü, Kürdümüz"
,"Tektir bayrağımız, tektir yurdumuz"
,Yaşasın sağolsun şanlı ordumuz
,Kahraman Mehmedim varolasın
,
Türk Milleti,
,Türk Milleti uyan artık
,Kıtlığın içinde kaldık
,böylemi olmalıydık
,Ey kahraman Türk Milleti
,Akmaz oldu sularımız
,Yandı bitti ormanımız
,böylemi olmalıyız
,Ey kahraman Türk Milleti
,Irmakların dağların var
,Denizlerin göllerin var
,Cennet vatanın var
,Ey kahraman Türk Milleti
,Bunlar bize nimettir
,nimet ganimettir
,Bize düşen üretmektir
,Ey kahraman Türk Milleti
,Dünya seni konuşuyor
,Hep seninle uğraşıyor
,Bunda sebep yatıyor
,Ey kahraman Türk Milleti
,Bizde artık durmayalım
,Didinelim çalışalım
,Dünya yarışalım
,Ey kahraman Türk Milleti
,20.06.2009 Ayvalık
,
Kahraman Bir Milletiz Biz,
,"Al rengidir Bayrağımız,"
,"Feda olsun canımız,"
,"Şehit dolu yanımız,"
,Kahraman Milletiz
,"can feda güzel yurda,"
,"Haddini bil selam durda,"
,"Bayrağımız en üst surda,"
,Kahraman milletiz biz.
,"Cumhuriyet temelimiz,"
,"İstikbaldir emelimiz,"
,"Olmazsa sevenimiz,"
,Kahraman Milletiz biz.
,"Tüm düşmanlar birlik oldu,"
,"Dört yandan yurda doldu,"
,"İşte an güneş doğdu,"
,Kahraman Milletiz biz.
,"Çanakkale geçilmedi,"
,"Türk ulusu ezilmedi,"
,"Göğüs gerdi çözülmedi,"
,Kahraman Milletiz biz.
,"Büyük önder savaş açtı,"
,"Gönlümüzde eşsiz taçtı,"
,"Korkak düşman bizden kaçtı,"
,Kahraman Milletiz biz.
,"Coşkun ırmak aktık,"
,"Düşmanları Yurttan atık,"
,"Toprakları kurtardık,"
,Kahraman Milletiz biz.
,"Atamızsın,canımızsın,"
,"Damarda kanımızsın,"
,"Unutulmaz anımızsın,"
,Kahraman Milletiz biz.
,"Anadolum güzel yurdum,"
,"Düşmanlardan hesap sordu,"
,"Bayrağıma selam durdum,"
,Kahraman Milletiz Biz.
,
Kırmızı Gül Kahraman,
,KIRMIAZI GÜL KAHRAMAN
,Aşkta
,sessiz kalan
,şehit olur
,kırmızı güller kahraman..
,M. Zeki Gezici
,
Polis Marşı,
,"an hazır kıtayız, görevimiz emniyet"
,"Cesuruz, fedakârız, engel tanımayız"
,"Ayrımcılık yapmayız, ölçümüz hakkaniyet"
,"Merhametli, kahraman, şanlı Türk polisiyiz"
,Tehlikenin bağrına göz kırpmadan dalarız
,"Toplumla bütünleşir, dünyaya nam salarız"
,"Yüzümüz güler bizim, halktan destek alırız"
,"Merhametli, kahraman, şanlı Türk polisiyiz"
,Suçla mücadelede etkin hizmeti seçtik
,Sevdiğimiz şeyden uğurda vazgeçtik
,"Yeri geldi, şahadet şerbetini içtik"
,"Merhametli, kahraman, şanlı Türk polisiyiz"
,"Sözümüzün eriyiz, bize emanet mal, can"
,"Çağdaşız, yeniliğe daim kucak açan"
,"Vazife aşkı yüce, tükenmez heyecan"
,"Merhametli, kahraman, şanlı Türk polisiyiz"
,Mücella Pakdemir
,
Canım Mehmet'im,
,CANIM MEHMET’İM
,Tüm Mehmetçiklere
,Süreyya’ya yazsam gelir adın
,"Mehmet’im, askerim, kınalı kuzum."
,Toprağı suluyor kutsal kanın
,"Mehmet’im, askerim, kınalı kuzum."
,"Gönlüme taht kurdun, kahraman erim."
,Daha yirmisinde olsa yaşın
,"Kimse yan bakmasın, koy başın"
,Verme vatanın çakıl taşın
,"Mehmet’im, askerim, kınalı kuzum."
,"Gönlüme taht kurdun, kahraman erim."
,Var âşıklık vatana serde
,Düşman hissetmeli seni yerde
,Dalgalansın al bayrağım göklerde
,"Mehmet’im, askerim, kınalı kuzum."
,"Gönlüme taht kurdun, kahraman erim."
,"Yırtık elbise, taş ona sedir"
,"Döşek kuru toprak, yastık, çadır"
,"Ruh aynı ruh, Çanakkale ha Bedir"
,"Mehmet’im, askerim, kınalı kuzum."
,"Gönlüme taht kurdun, kahraman erim."
,"ayak Prut’ta, biri Yemen’de"
,Devletimiz yükseliyor pâyende
,ezanlar göğü delsin sâyende
,"Mehmet’im, askerim, kınalı kuzum."
,"Gönlüme taht kurdun, kahraman erim."
,"Fotin, kep giyince başkadır tadın"
,"Sana meftun olmuş kız, kızan, kadın"
,Peygamberden alır “Mehmetçik” adın
,"Mehmet’im, askerim, kınalı kuzum."
,"Gönlüme taht kurdun, kahraman erim…"
,Hanifi KARA
,
Yüz senede bir gelir-“Böyle Yiğit Kahraman” TÜRK Milleti unutma-Atatürk senin Atan,
,Samsun ufkundan doğdu-Atatürk denen güneş
,Gerçekten sevindi-anne baba kardeş
,Sesine ses vermiştir-Türk Milleti topluca
,Esenlikle tütmüştür-evlerde bütün baca
,Yüz senede gelir-“Böyle Yiğit Kahraman”
,TÜRK Milleti unutma-Atatürk senin Atan
,Acı keder yerine-geldi millete sevinç
,Hepsi ayağa kalktı-kendisine geldi dinç
,Amca dayı nine-senin sevginle yaşar
,Atam bizi kurtardın-ağlıyorken zarı zar
,Yüz senede gelir-“Böyle Yiğit Kahraman”
,TÜRK Milleti unutma-Atatürk senin Atan
,Kuru ekmek yiyorken-bize verdin besini
,Türk Milleti duymuştur-Atatürk’üm sesini
,Hainler düşmanlar atıldı memleketten
,Bütünüyle kurtulduk-çok kötü illetten
,Yüz senede gelir-“Böyle Yiğit Kahraman”
,TÜRK Milleti unutma-Atatürk senin Atan
,Güneş ısıttın-ruhumuz içimizi
,Hiç unutmayacağız-Atatürk’ümüz sizi
,Karanlıkta kalmışken-millet buldu ışığı
,Harekete geçirdin-ülkemdeki sağı
,Yüz senede gelir-“Böyle Yiğit Kahraman”
,TÜRK Milleti unutma-Atatürk senin Atan
,Kol kanadı kalkmayan-bu halk buldu saygıyı
,İçimizden attın Sen-unutturdun kaygıyı
,Şerefli asaletli-milleti oluşturdun
,Aynı hedef potada-bizleri buluşturdun
,Yüz senede gelir-“Böyle Yiğit Kahraman”
,TÜRK Milleti unutma-Atatürk senin Atan
,Sana bakan gözlerim-Atam Seni gözlerim
,Bağımsız millet yaptın-sonsuza dek özlerim
,81 il topluca-ilçe belde köyler
,Öğretmen Hasan söyler-hepsi dualar eyler
,Yüz senede gelir-“Böyle Yiğit Kahraman”
,TÜRK Milleti unutma-Atatürk senin Atan
,
Kahraman,
,"Kahramanım çıktı yola,"
,"saldırır sağa sola,"
,"köşede sinsi mola,"
,Vay kahraman! ... Vay kahraman! ...
,"Cinlik onun mayasında,"
,"Ar kalmamış hayasında,"
,"Köroğlu’nun havasında,"
,Vay kahraman! ... Vay kahraman! ...
,"Atar tutar utanmadan,"
,"gerçeğe tutunmadan,"
,"Haram yutar yutkunmadan,"
,Vay kahraman! ... Vay kahraman! ...
,
Komutanım,
,Nerelisin diye soruyor komutan askere.
,Komutanım Gazi Antepliyim.
,"sorar diğerine,"
,Maraşlıyım komutanım diyor. Komutan çat vuruyor.
,Oğlum Kahraman Maraşlıyım diyeceksin.
,"Bitişiğinde de, Çorumlu asker varmış."
,nerelisin diyor?
,"Çocuk dayak yememek için,"
,komutanım Kahraman Çorumluyum.
,"Çat tane ona vuruyor,"
,Lan Çorum zaman kahraman oldu diyor.
,Burdur / 1987
,
Alperen' Yazıcıoğlu'na (mersiye) 3,
,“ALPEREN” YAZICIOĞLU’NA (mersiye) 3
,"alperen gün Hakka yürüdü,"
,"Arkasından beş arkadaş sürüdü,"
,"güzel insandı, güzel başkan,"
,kahraman gün Hakka yürüdü.
,"çiçek çiçek savruluyordu,"
,"çeşme başında can buluyordu,"
,"Hele yardım edin dağların kurdu,"
,kahraman gün Hakka yürüdü.
,"Acı haber ilk fırsatta duyuldu,"
,"Asker, sivil aramaya koyuldu,"
,"Dağlar, taşlar didik oyuldu,"
,kahraman gün Hakka yürüdü.
,"Hiçbir helikopter kalmaz havada,"
,"Kalmaz şivan kopar yuvada,"
,"Reis kaldı, yürek kaldı dağda,"
,kahraman gün Hakka yürüdü.
,"Dava yolcusuydu arkadaşları,"
,"Ülkücü, Alperen hep gardaşları,"
,"Saklayın başkanı dağın taşları,"
,kahraman gün Hakka yürüdü.
,31-3-2009 Rabia Barış
,
Bordo bereliler,
,Helal olsun toprağın vatanın
,Ekmeği aşı korkusuz asil sizlere
,Sözüdür bizlere büyük atanın
,Emanettir vatan türklere
,"Hiç düşünmeden, gözünü kıpmadan"
,Seve seve şartta ölüme giden
,engel tanımazlar korkudan
,Disiplinle emirlere riayet eden
,"Soğuk,sıcak kara kış demezler"
,"Ekmek,aş, su, yatak istemezler"
,Hep gözleri elleri tetikte beklerler
,kahraman bordo bereliler
,Allah razı olsun sizleri yetiştirenlere
,Bedeninizi siper ettiniz namertlere
,Korku salıyorsunuz dağdaki miskinlere
,Kim dur der kahraman bordo berelilere
,Selçuk Noyan Ataseven
,01.02. 2013 Cuma
,Cevizli / KARTAL
,Kahraman bordo berelilere ithaf olunur
,
Kahraman İlim,
,"Engizek yaylası şenlendi yine,"
,Yıllarca hasretim yanıyor sine.
,"Gezinsem kaleyi ersem erdeme,"
,".Güllerle bezenir kahraman ilim,"
,.Yine hasret inliyor dilim.
,"Berit’in başında sürsem sefayı,"
,"Afşin, Elbistan’a sunsam vefayı."
,"Uzanıp çimene bulsam şifayı,"
,".İreme özenir kahraman ilim,"
,.Gülünü dermeye erer kolum?
,"Dikmenin eteği bahçeler bağlar,"
,Afşin Beyceğiz güzel ağlar.
,"İlk göz ağrım benim bağrımı dağlar,"
,".Derdimi sormuyor kahraman ilim,"
,.Hasret rüzgarın savrulur külüm.
,"Elbistan ovası anlamaz halden,"
,"Ovanın toprağı görülmez gülden,"
,"Orada dert dökmek kuraldır telden,"
,".Mızrabın ucunda kahraman ilim,"
,.Sazımın teline vuruyor elim.
,"Güzeller toplanır pınar başında,"
,Gönüller derlenir keman kaşında.
,"Eyüp gurbet gezer bunca yaşında,"
,".Laik midir bana kahraman ilim,"
,.Ne zaman düşecek sılaya yolum.
,Eyüp Şahan
,Ankara 28.12.2013
,
Kahraman Maraş,
,"Altın madalya’sı, parlar göğsünde."
,"Al bayrak, dalgalanır kale’sinde."
,"Allah seda’sı var, nefes’inde."
,"Şehitler diyarı, Kahraman Maraş."
,"Namussuzlar, namusumuza çattı."
,"Sütçü İmam da, ilk kurşun’u attı."
,"Düşmanların leş’i, yerlere yattı."
,"Gaziler diyarı, Kahraman Maraş."
,"Ulu Cami’de, namaz’ın yeri."
,"Rıdvan Hoca da, cemaat’in pir’i,"
,"Al bayrak, göklere çekildi geri."
,"Ede’ler diyarı, Kahraman Maraş."
,"Çeteler, bölük bölük, yürüdüler."
,"Düşmanları, çevirip bürüdüler."
,"Hainlerin, kökünü kürüdüler."
,"Çete’ler diyarı, Kahraman Maraş."
,"Nara’ları da, titretti yerleri."
,"Ta, arşa kadar, inletti gökleri."
,"İçlerinde, yaşamaz serseri."
,"Efe’ler diyarı, Kahraman Maraş."
,"Namertler, barınamazlar içinde."
,"Temizlediler, koymadılar in’de."
,Kalleşler yoktur asla sin’lerinde.
,"Mert’lerin diyarı, Kahraman Maraş,"
,"On iki Şubat’ta, kurtuldu Maraş."
,"Düşmanı temizledi, etti tıraş."
,"Toprağından da, vermedi karış."
,"Özgürlük diyarı, Kahraman Maraş,"
,"Hayranım, Karakucak güreş’ine."
,"Yıkınca hasmını, bak gülüşüne."
,"Dünya’da bile, rastlanmaz eş’ine."
,"Yiğit’ler diyarı, Kahraman Maraş."
,"Din’lerine, katmazlar, zerre hile."
,"İbadet’le, zikir verirler, dil’e."
,"Yanakları açmış, benzer al gül’e."
,"Hoca’lar diyarı, Kahramanmaraş."
,"Âlimler, boşa solumaz, nefes’i."
,"Sema’larını, süsler, ezan ses’i."
,"Atatürk’ün, özgürlük abidesi,"
,"Alimler diyarı, Kahraman Maraş."
,"Daima, boyunu kalındır, kurt’unda."
,"Nice mazilerde, kaldı ardında."
,"Bak, sümbül’ler, gül’ler açtı yurdunda."
,"Cennet’ler diyarı, Kahraman Maraş."
,"Geçmişi asla unutma, ey nesil."
,"Vatan’ında, olacaktın, fosil."
,"Ata’ların gibi, ol asil."
,Paksoy’un diyarı Kahraman Maraş.
,
Kahraman,
,Sakladım zamanı kendime
,Zaman düşmedi elime
,Gözü kör duygularım
,Takılıp kaldı tarihime
,Tarihim aklımı yedi bitirdi
,deli düşümü geri getirdi
,Kahraman dediğin nedir ki?
,Ünü kestiği kelle bilinen mi?
,Çocuğun eline silah veren akıllı
,Yüzünü örten kahraman delikanlı
,Yürüdü canlı bedenler üzerine
,Kahramanlık türküleri niyetine
,Eriyor barış kurşunların sıcağında
,İnsan öğütülüyor paranın çıkarında
,Umudu ektim doğaya
,Duayı saldım Tanrı’ya
,Ey Tanrım akıllı yarattığın insan akılsız davranıyor
,Yaratılışını unutmuş kendini şey sanıyor
,Elindedir haddini bildirmek azgınlara
,Gerekse çıkalım insanlık yollara
,Güçlüler girerse kavgaya
,İnsanlar girmemeli araya
,Güç arıyor kendine maşa
,Kendisi emeksiz mihnetsiz yolları aşa
,İnsana yakışmaz maşalık hâşâ
,Kahraman dediğin nedir ki?
,İnsanları öldürtmeyi bilen mi?
,İnsanı kullanır makamı çıkarı uğruna
,Konuşur durur insanlık uğruna
,Hitap eder safların duygularına
,Saflar yollara dökülür adına
,Ölür giderler varamazlar yaşamın tadına
,Kahraman keyif çatar şanlı yaşamında
,Döktürdüğü kanlar duruyor bardağında
,31.07.2011 - İzmir
,
O Kahraman Binbaşı,
,onun gözleri mavidirmavi
,onun saçları sarıdırsarı
,yıldırdı tüm düşmanları
,kahraman binbaşı
,
Tarihin sayfasında kahraman kalmaktır senin kaderin,
,Kızanlarla arkadaşlık ederken bozulmaz mert tavrın
,Yayından ıslık çalarak giden düşmana çelikten okun
,"Düşmanı titretir naran, kalkana değen ağır gürzün,"
,Tarihin sayfasında kahraman kalmaktır senin kaderin
,"Ayranın kabarınca düşman önünde hiç duramaz,"
,Azgın sel olursun çelikten bent durduramaz
,Dünya üzerine gelse seni adım geri attıramaz.
,Tarihin sayfasında kahraman kalmaktır senin kaderin
,"On paralık adam kılavuzun olur, yok eder şerefin;"
,hakla adaletle hükmet seninde kalmaz saltanatın
,"yoksa Yazık olur, bütün ömrünce özlediğin"
,Tarihin sayfasında kahraman kalmaktır senin kaderin
,"ellerde dillerde gezen asil evlat,"
,"Göklerde kartal binek, yerde rüzgâr sana at binek;"
,Seninde dünyada hep kaderinde var savaşmak.
,Tarihin sayfasında kahraman kalmaktır senin kaderin
,Halil ÇOLAK 11.03.2010
,ANKARA
,
Süper Kahramanlar,
,an
,Yaşıyorsak
,olgu
,Kendilerini hiçe sayıp
,
,Ülkelerinin halklarının
,Özgürlüklerini
,İlke edinip
,Tarihe gömülmüş olan
,Süper kahraman
,İnsanların eseridir
,
Zeren,
,Zamandır en köklü hatamız
,Birlikte getirmeyecektik doğarken
,Bütün fotoğraflarda var
,Hepimizden dinç görünen
,Kaçan köle özgür kalsın isteriz
,Kaçıyor düşüncelerimiz bizden
,Kertil keremdir teslim etmek
,amacı sahibine yeniden
,Herkes doğurgan bilir umut
,Ergin katil sergen
,Ölümlü kopyalar üretiyor sevinç erimizden
,Kimi tutunmak kimi kopmak daha rütbesiz
,Melez künyeler toplamak efsanedir içimizden
,Ey ömür
,Ey zeren
,Yedi Kandilli Ülker
,Tam sönerken aldım telgrafını
,Halk sık sık kahraman kaybeder
,İlk kez kahraman kaybediyordu halkı
,
Mesafe,
,Heyhat nice alçaklar zanneder kahraman
,türlü riya oyalanır zaman
,idüğü belirsiz çıkara koşar an
,Yüzünü şeytan görsün uzakta dursun aman
,26.02.2014
,
İlk,
,evlerimiz artık yok
,güvercinler yükselmiyor damlardan
,sokaklarda yalan sessizlik
,isim şehir’de sevgilimin ismi
,yakar top’ta sona kalan kahraman
,sensin içimdeki ağustos ışığı
,kalbimin kıldan ince kılıçtan keskin sızısı
,
Şaklaban,
,"Kendi Yaptıklarını Gizleyip,"
,Başkalarının Yaptığını Anlatarak.?
,"Kahraman değil,Şaklaban Olursun.!"
,
- Adlarımızın Anlamları - 27.,
,132. * Baha * (Farsça) Değerli..Kıymetli.
,133. * Bahaddin * (Eski Hint Türkçesi Farsça) Cesur..Yiğit..Korkusuz.
,134. * Bahadır * (Farsça-Osmanlıca) Kahraman..Yiğit..Korkusuz..Batur.
,135. * Bahadır Han * (Farsça-Osmanlıca) Korkusuz..Yiğit..Öncü..Hakan.
,136. * Bahaeddin * (Arapça) Er..Yiğit..Kahraman..Cengaver.
,
Her Erkek,
,"erkek,"
,"gecenin yarısı,"
,"ona ait siyah beyaz düşün içinde,"
,"yüzünde yastığa dayalı gülümseme,"
,kahraman olduğunu düşünür.
,
Yalan,
,yalan dostum yalan
,ün nam şan ünvan
,birinin adı akrepmiş
,birinin adı yelkovan
,ikisini koşturan
,isimsiz kahraman
,
"Türk oğlu,Türk’e nasip",
,İşte Anadolu kadını
,Yanı başında kağnı arabası
,Heykel değil sanki canlısı
,Sürüyor inançla arabasını
,Anlayamazlar bazıları seni
,Heykel olarak görür
,Var vatanını sevme ülküsü
,Dağ gibisin Şerife bacı
,Aştın geçit vermez dağları
,Kağnı sesi uyuttun bebeği
,Kaç sefer yaptın kağnı yolu
,Efsane duruyor heykelin
,Aslan yürekli Şerife bacı
,Karla yağmurla taşıdın mermileri
,Yavrun kundaklardın onları
,Haram ettin gece gündüz uyumayı
,Kağnıyla taşıdın cephaneleri
,Şafak sökmesin diye dua ederdin
,Hep geceleri kağnı sürerdin
,"anaydın,bacıydın,yardın"
,kahraman Türk kadınıydın
,Sizlerin sayesinde devlet
,Sizin çabalarınızla özgür millet
,Kahramanlıklarınızı duydukça
,Sizlerin fedakarlıklarınızı düşündükçe
,Duygulanıp göz pınarlarına yaşlar doldukça
,"Allah şahit,yer şahit"
,Kahraman kadınlar
,"Türk oğlu,Türk’e nasip"
,Halil ÇOLAK 31.3.2008
,İNEBOLU/KASTAMONU
,
Her Taşı Yakut Bu Vatan,
,"Tarihin dilinden düşmez destan,"
,"Nehirler gazidir,dağlar kahraman"
,"taşı yakut olan vatan,"
,Can verme sırrına erenlerindir...(Orhan Şaik Gökyay)
,
A T A T Ü R K  o,
,"eşsiz büyük kahraman,"
,"çalışmaktan yılmayan,"
,"işlerden anlayan,"
,Alfabeyi öğreten O.
,"çehresi kararmayan,"
,"tarihlere sığmayan,"
,"zaferlerden yılmayan,"
,Ülkemizi kurtaran O.
,"yurdu gezip dolaşan,"
,"karda, kışta savaşan,"
,"zekasıyla gelişen,"
,Bize bilgiler saçan O.
,"Türklüğü hatırlatan,"
,"nesillere ışık tutan,"
,"düşmanı yurttan iten,"
,Ülkemiz kahraman O.
,"Zekice hatırlanan,"
,"Saygı anılan,"
,"sonradan hastalanan,"
,Anıtkabir yatan O.
,27-9-1980
,
Kahramanlık Odur ki,
,Kahramanlık odur
,Dağlar çıksa önüne
,Ulaşır sevdiğine yediveren gülüyle
,Kahraman odur
,Cepheden
,Umut sağar tanrıdan sevdiğine
,Kahraman odur
,İçinde fırtınlar esse
,sonra mevzii
,Öleceğini bilse
,Seve seve çarpışır
,Onun uğruna
,Yedi cephe
,Ağlamaz ağlatmaz
,Geride hüzün bırakmaz
,Hep güneşle hatırlanır
,güneşi fetih etmeye gitti diye anlatılır
,Kahramanlık odur
,Büyüdükçe şöhreti
,Beş kıta yedi iklime
,Kahramanlık odur
,Yüreğine sığacak küçülür
,Sevdiğinin gönlüne
,Arandığın bulunur
,Gül olur
,Sevdiğinin yüreğine
,
Sahte çiçekler,
,Görünürde daha canlısın kendince
,sahte yüzün vuruyor cansız yaşamından
,Kandırma beni güzelim diye
,sahtesin can damarların kesik
,Ömründe çiçek yeşerttin yaşama
,Toprak eşeleyip tohum ekmek
,Can suyu verip fidan ekmek
,gönlündeki sevgisiz yaşam
,Boyalı bebekler demişler hayat içinde
,boyalar olmasaydı yapacaktın
,Yada varlıklar yokluk olaydı
,sıfırdan var ettin hayatı
,Ekmeği bölüşmek düzene
,Düzensiz sevgisiz kaldınmı günler boyu
,Hep sevdin sahte sevginle
,hayatın ödünü patlattınmı ölürcesine
,Gerçekten severek
,Ölüm bitmiş se düşüncelerinde
,Korkularında son bulacak yaşama
,Yapacaksan düşünmeden yapacaksın
,Düşünürsen kahraman olamazsın gerçekle
,Düşünde kahraman zaten bitmiştir
,Senin haberin yok gönlünde
,Bırak hayat sürüklesin bildiğince
,Elbet tutunacak dal bulursun uyandığında…
,12.04.2004
,
Göç,
,Durun demeye utandım
,göçen leyleklere...
,"Durup da,"
,kahraman olsunlar
,leş kargalarının memleketinde?
,
Çünkü Ben Misak-ı Milliyim,
,Erzincan dan
,Çıktım yola
,Zonguldak'ta
,Verdim mola.
,"Yaradılanı severim,"
,Yaradandan ötürü.
,"Şairim, duygu insanıyım"
,Şiir yazarım.
,Lolanlı 67 dir adım.
,Yaralıdır sol yanım.
,"Ulusumu,"
,Ayyıldızlı Şanlı Bayrağımı
,"Ata yadıgarı,"
,Laik Cumhuriyetimi
,"Severim,"
,"Bedirden,"
,"Kerbelaya kadar,"
,Kerbeladan
,Çananakkaleye Kadar.
,Çanakkaleden
,Günümüze
,Aziz Şehitlerimizin
,Kahraman Gazilerimizin
,Sahibiyim
,"Ölene kadar,"
,Kahraman Ordumuzun
,Emrindeyim.
,"Çünkü,"
,Misak-ı Milliyim
,Saygılarımla
,Şair 67
,
Yurtta Barış Dünyada Barış,
,yurdumdaydı barış dünyada
,Cinayetler işleniyordu gün
,Yeni bebekler doğuyor
,Yeni cinayetler işleniyordu
,Demleniyordu karanlık odalarda şeyler
,Anlamıyorum olan biteni
,Anlamıyordum hangi haktı bizi düşman eden
,Kahramanlar kahraman gibiler
,Kimdi onları kahraman yapan
,Kimdi bizi yanılgılara düşüren
,Kendi derdimizdeydik oysa
,Bizim ciğerimiz değildi ateşin düştüğü yer
,"Geride kalan, yüzümüze yansıyan karanlık"
,Sevgiliye yazılmış son mektuptu kulağımızda
,
19.Mayıs Gençlik Ve Spor Bayramı,
,Birinci büyük harpte
,Yenilmiş saymışlardı
,Türklerin kutretini
,Sanki unutmuşlardı
,Dağıtılmış ordumuz
,Silahlar hep toplandı
,İstanbul a İzmir e
,Düşman askeri daldı
,Bunu gören yurttaş
,Yeniden silahlandı
,Efeler etrafında
,Tüm seymenlerToplandı
,Yurdu kurtarmak
,kahraman arandı
,Aranılan kahraman
,gün Samsun a vardı
,Altın saçlı Türkün
,Adı Kemal Paşaydı
,gün 19mayıs 1919
,Yeni tarih başladı
,Dünyaya tanıtmıştık
,Vatan haritamızı
,gün bayram yapıyor
,Yurdumun oğlu kızı
,
,Ertuğrul Eroğlu 13 05 1981
,
Vur abalıya,
,Vur abalıya
,Şeref nutku söyleyen şerefsizler türemiş
,Helal haram demeden bulduğunu halletmiş
,Ezan bayrak vatandı milleti millet yapan
,uğurda can vermiş nice kahraman atan
,Şimdi aşındı bunların hepsi teker teker
,Yetim dul emekçi hakların hep gasp ettiler
,Birde kahraman olur cukka doldurup giden
,Af oluyor millete büyük kazıklar atan
,Güven sağlaman hacca git sakal bırak yeter
,İltimas yap hediye diyerek rüşvet al gizli pisliğe dal
,Dürüstlükte nam salmıştı eskilerde tarihte ataların
,değilsin kendine gel benzeyesin öz ataya
,Ümit’im hiç kalmadı baktıkça yaşamda olaylara
,Siyasetçi mafya polis eşkıya gelmiş araya
,Nasıl inanayım dini temsil eden üfürükçü hocaya
,Hak hukuk adalet neymiş sende vur garip abalıya
,M. İMAMOĞLU
,
Kahraman Çocuk,
,Kahraman Çocuk
,"Çocuk düşer, kalkar"
,"Ağlar, oynar, büyür!"
,Annemin kucağında
,şey kolaydı.
,"Kahramandım, mutluydum."
,Çocuğumuz oldu.
,"Kahramanlık bitti,"
,Çocuğumuz oldu kahraman.
,Kahramanlar cephe değiştirir
,Kucak değiştirdi.
,Emin KEVEN
,
Kahraman Olmaya Mahkumdur,
,Kahır kervanlarında can dizi dizi
,Kirpik yağmurlarında kor kor damlalar
,Asırlık törelerin sancısıyla
,Gücü yetmez şimdiye sonraya
,Oysa karlı dağların dostudur
,Gurbete uzanan yolların yolcusu
,güvercin kanadında taşınan
,Hasretin bin türlüsü
,Umudu gelmeyen yarınlarda
,Umudu usanmaz uslanmaz sevdasında
,Yüz vermez ölüme koynuna almaz ihaneti
,Toprak nasıl bereketlenir
,Nasıl yeşil baharda canavar kesilir
,Onun sabrı öylesine korkunçtur
,kahraman olmaya mahkûmdur
,Kısacası anadır kadındır
,Gün erkenden uyanır onun
,Daha düşlerinin bedelini ödemeden
,Borçlanır hayallerine
,Can damarında beslenir yorgunluğun acıları
,çekerse
,kenar süsü yapar geçer ömür defterine
,yürür gider pervasızca yüreğinin peşinden
,Suskun sızıdır içindeki taş dilsizliği
,Yorgun gönüldür avutmayı beceremediği
,Oysa gökyüzündeki güvercinlerin uçuşunu bölüşür
,Gözlerinin enginliğinde
,Yeryüzünde toprağın bereketiyle boy ölçüşür
,Yüreğinin sabrıyla
,Yaşamdaki ustalığına bakmaksızın
,yama dokunur
,kahraman olmaya mahkûmdur
,Kısacası kadındır anadır
,Candır canandır
,ölümüne vardır
,türküler değiştirebildi onun yazgısını
,yaşadığı zaman kayda aldı arzusunu
,zincir bağladı yüreğini sevdalara
,yangın dağladı yüreğini acılarla
,Dilsizliğin tuzağında yarınların uzağında
,Sessiz yakarış olarak kaldı
,Sürgün geldi zamanın ötesinden
,Sürgün gecelere kilitlendi
,Oysa misli bulunmaz yeryüzünde
,ölür bin dirilir anam dendiğinde
,“Buyur buradan iç” der sunar canı
,Acep neresi ondan ötedir
,Hangi dağ ondan yücedir
,Hangi toprak böylesine bereketli
,Hangi can ölümüne yürekli
,Nerede gözünün nuru
,Nerede bileğinin gücü
,Nerede alnının teri yoktur
,kahraman olmaya mahkûmdur
,Kısacası anadır kadındır
,Candır canandır
,ölümüne vardır
,
Kahraman Şehitlerime,
,"Komutanı emretti ‘ölüme gideceksin’,"
,‘Şahadet şerbetini elimden içeceksin’.
,"Ölümü göre, göre ileri atıldılar,"
,Şehitler kervanına koşarak katıldılar.
,"Düşmanın mermileri göğüslerde dinlendi,"
,Kahraman Türk askeri savaşarak ünlendi.
,"Kopsa aldırmazlar kafa, kol, kelle, bacak,"
,Tarih kahramanları gıpta anacak.
,"şehidim, tarihe destanlar yazacaksın,"
,"Düşmanın hilesini, canınla bozacaksın."
,"Mermi, bedenlerini ateşlerce yakıyor,"
,"Şarapneli bağrına madalyonca takıyor,"
,"Şehit olmuş göklerden şahin bakıyor,"
,"O, cephelerde şimşek çakıyor."
,"Sana nice üstatlar destanlar yazmışlar da,"
,"Destanca yaşıyorsun hep, yaşayan canlarda."
,"Peygamberim söyledi, müjdelendin Cennetle,"
,"Geleceğiz ardından biz, hepimiz ibretle."
,"Cenneti müjdelemiş sana Hakkı İlahi,"
,Huriler bekleşirler orda seni vallahi.
,"Tarihin başında da, sonunda kahraman,"
,Vatan toprağa düşen mutlu insan.
,"Vatan yerde vuruştun kahramanca,"
,"Kartalca, şahinlerce, kükredin aslanlarca."
,"İdrisim selam durur sana, kahraman insan,"
,"Kanınla yazmışsın sen, tarihe nice destan."
,Ahmet İDRİSOĞLU Kastamonu ev 24.Şubat.2008 21.25
,İdrisoglu48@hotmail.com
,http://serenat-siieler.blogspot.com/
,http://idrisoglu.blogspot.com/
,
Yalnızlık,
,Yalnızlıksa bizim yanımız okadarda çoğuluz farkına varamıyoruz
,Kaç şehir bıraktım ardımda bilmiyorum
,"Şehirler kalabalıklarda yaşar,yalnızlıklarını bilirmisiniz"
,Binlerce hikaye arasında saklarlar yanlızlıklarını
,"Bense gece tıpkı şehirler gibiyim,kalabalıklarda"
,Çoğul yanlızlıklar eşliğinde kahramanlar yaratıyorum kendime
,Binlerce hikaye var görünmeyen yüzümde
,"kahraman hikaye,her hikaye kahraman bende gece"
,"Sen,gökkuşağı kahraman,hayatın tüm renklerini üzerinde barındıran,"
,"hep,kahramanların hayallerde var olduğunu düşünerek"
,Büyüttüm içimdeki günahsız kız çocuğunu
,gerçekçi olabilirmisin
,Yoksa gökkuşağı misali kaybolup gidecekmisin
,"Peki seni,saklasam yağmurlara damlada"
,bana geleceğine söz verirmisin
,Bilsemki yağmur yağacak ardından çıkacaksın
,Soyunup çırılçıplak adardım bedenimi
,İçimdeki günahsız kız çocuğuna inat
,Sevişmek seninle
,"En büyük günah olurdu,gökyüzü şahitliğinde"
,günahın ardından
,Yanlız kalırdık ardımızda bıraktığımız şehirler misali
,günahın ardından
,Yıldızlar çizerdik şahitliğimizi yapan gök yüzüne
,Bırakarak gök yüzüne maviyi
,senin renklerin olurduk sırayla üstünden geçerdik tüm günahların
,Senin tenin hangi şehir şimdi
,Hangi yanlızlık günahımızı gizleyebilecek çoğul bilmiyorum
,Dedim ilk başlarda
,"Yalnızlıksa yanımız,bir kadarda çoğuluz farkındamıyız"
,
*****Afra Hatun (r.anha)     (Gülce Bahçe),
,Afra Hatun (r.anha) (Gülce Bahçe)
,Üç aslan yetiştirdi cengâver cengâver
,Bedir savaşına teşvik etti onları
,kahraman anne öpülesi elleri
,Yüce Yaradan yetiştirdi gülleri
,"ana,"
,Medineli.
,Neccar Oğulları’ndan
,Davası Allah yolu destek Habibullah’a
,hanım sahabe Afra Hatun kendisi
,Yüreği şefkat dolu
,yardım seven
,İslâmiyeti seçmiş
,Hiç tereddüt etmeden
,Hicretle Medine’ye
,Gelen muhacirlere
,Hizmeti şeref bilen bahtiyar hanım
,Rabbinin Rızasını kazanmak
,Esirgemedi an elden geleni
,Onlara şefkat dolu can ana
,İlk evliliğinden üç oğul oldu
,İman fedaileri imanla doldu
,Aslan yiğitleri düşmana saldı
,Cenk etti yiğitler can pahasına
,Hayat elemine tahammül eden
,acıya karşı sabırla giden
,Allah Resul'ü islamdı neden
,Şecaat cesaret sahibi hatun
,Dünya çilelerini dert etmezdi kendine
,Güçlüydü kuvvetliydi sel düşürmez bendine
,Gençler
,...............
,Abdurrahman İbn-i Avf
,Anlattı gençleri
,Bedir günü Ebu Cehil
,Anam beni gün doğurdu
,Der Müşrik ordusunun içinde gezip
,Cesaret verecek sözler savurdu
,İki genç gördüm yaklaştılar yanıma
,Yıkılmaz dağlar iki yanda durdular
,Ebu Cehil hainin ettikleri kanıma
,Dokunuyor deyip tanır mısın sordular
,Evet dedim ey oğul
,Bende sordum yiğide
,yapacaksın onu
,Şahlandı cengâver
,Aslan yiğit dedi
,Rasülüllah Aleyhisselam’a sövermiş
,Varlığım yed-i kudretinde olan
,ALLAH'ıma yemin olsun amca
,Onu görecek olursam
,Ahd ettim yüce Hakka
,Bulduğum yerde ona saldıracağım
,kendim öleceğim öldüreceğim
,gence hayret ettim yaman yaman
,güzel gayretti güzel iman
,Diğer genç ahd etmiş Allah yolunda
,Anladım hallerini gördüğüm zaman
,sırada Ebu Cehil giderken
,Gençlere işaretle
,İşte aradığınız adam dedim
,Çifte şahin süzüldüler
,Sıra dağlar dizildiler
,Şimşek olup üzerine çaktılar
,Ah kahramanlar ah cengaverler
,Afra Hatun’un yiğitleriymiş meğer
,Kükremiş aslanlar
,Allah Resulünün düşmanı olan
,imansız öyle yılan yılan
,Ebu Cehil'in üstüne saldırdılar anda
,hemen kılıçladılar fer koymadılar canda
,sırada Ensardan
,genç daha
,Yetişip hemen geldi
,Pusuda meğer
,üç gençle hain
,Neye uğradı
,Anlayamadı zaten
,cenk etti üçü birden işini bitirdiler
,cehenneme gönderip sonunu getirdiler
,Nihayet yiğitler
,Şahadet şerbetini içtiler
,Allah Allah sedalarıyla
,dünyadan göçtüler
,Afra Hatun öğrendi
,Oğullar şehit
,Yaradan'a hamd etti
,Üzülüyordu
,Diğer oğluda keşke
,Allah yolunda
,Avf’da şehit olsaydı
,Üzüntüsünü
,Söyler ALLAH dostuna
,Kahırlandı
,Rasul iki oğlum
,Şehittir amma
,Avf’da şehit olsaydı
,ALLAH yolunda
,Onlardan geride
,Nedir işin özü
,Müjdeyi verdi hemen
,Afra’nın güldü yüzü
,Duydu Avf'da durur kardeşler şehit
,Şahlandı yola çıktı Yaradan şahit
,Savaşmaya başladı düşmanı yere serdi
,Avf hemen canını ALLAH yolunda verdi
,Şahadet şerbeti içti
,Kavuştu kardeşlere
,dünyadan geçti
,kahraman anne
,şerefli mertebe
,samimi muhabbet
,Kuzularının ALLAH yolunda
,Şahadetlerine sevinen
,Bahtiyar anne
,Kahraman kahraman
,güzel teslimiyet
,ALLAH mübareklerden razı olsun
,bizleride şefaatlerine nail eylesin
,AMİN
,
Seyyit Onbaşı V,
,"Siperler tanırdı, keza cepheler,"
,"Tümsekler, çukurlar, yarlar, tepeler"
,"Ayağının izi tabya, yer,"
,"9 yıl askerlik oldu uğraşı,"
,"9 yıl savaştı, Seyit Onbaşı…"
,"yağız çehreyi cepheler tanır,"
,"gazi kahraman daha asır,"
,"Yazılmak istense, kalem utanır,"
,"Ey gazi kahraman, yiğit onbaşı"
,"Ey dillere destan, Seyit Onbaşı.."
,"Şehit kanlarıyla yoğrulan toprak,"
,"Vatanım denilip, çağrılan toprak,"
,"ruhla göklere,doğrulan toprak,"
,"Tarihlere ündü, Seyit Onbaşı.."
,"O, yaman gündü, Seyit Onbaşı.."
,"9 yıl cepheler seni tanır da,"
,"iman gücü var; sendeki sırda,"
,"Çanakkale’sinde geçen asırda,"
,"Ocean denizde, belada başı,"
,"Batmıştı sayende, Seyit Onbaşı.."
,"Bohçala sırtına top mermisini,"
,"Bismillah, diyerek en irisini,"
,"Düşünsün düşmanlar koy gerisini,"
,"Hay Berek-Allah budur iş başı,"
,"Koluna kuvvet be, Seyit Onbaşı…"
,Ocean neymiş? yok esamesi
,"Yanından vuruldu; duy işte sesi,"
,Kimciydi kimdi? neyin nesi?
,"Alaylar, taburlar bölükbaşı,"
,"Sana hayran kaldı, Seyit Onbaşı.."
,"vatan bağrından çıkan Mehmetçik,"
,"Düşmanı tek topla yıkan Mehmetçik,"
,"daha, daha dokan Mehmetçik,"
,"Düşmanın seninle başlar telaşı,"
,Ey gazi kahraman Seyit Onbaşı
,"9 yıl cephede düşmanı güden,"
,"Siperden sipere koştu beden,"
,"Evine dönmedi, düşman gitmeden,"
,Sırtınla mermiyi imanla taşı
,Ey gazi kahraman Seyit Onbaşı..
,
*************Benim Canım Memleketim,
,"Ulu Önder Atatürk'ün liderliğinde kurulmuş,"
,"karış toprağı şehit kanlarıyla sulanmış,"
,"Cihan Devleti Osmanlı'sıyla üç kıtaya yayılmış,"
,"Adaleti,hoşgörüsü,iyiliği,kahramanlığı ile,"
,Dünyaya hükmetmiş kahraman Ceddim.
,"Dosta güven,düşmana korku vermiş,"
,"Kurtuluş Savaşı'na ilk meşaleyi yakan,"
,"Şehit Şerife Bacı,Nene Hatun'larıyla,"
,"Halide Edip'i cefakar kadınlarıyla,"
,Anadolu'nun yanı kahraman ülkem.
,"başı dik,bu alnı açık,yüreği ezik."
,"Onurlu,gururlu vakur duruşlu ama,"
,"Mübarek,eli öpülecesi insanlarıyla,"
,"Yunus Emre'si,Hazreti Mevlana'larıyla,"
,"Güzel ülkem,canım yurdum Türkiye'm."
,"Ey! Ay yıldızlı bayrağına kurban olayım,"
,"Sana kem gözle bakan,alçak hainlerin,"
,"Karşısında korkusuzca,dimdik durayım,"
,"İslam'ın neferi,birleştiricisi moderni,"
,"Benim güzel memleketim,canım Türkiye'm."
,"Geçerken ağlamamak mümkün oradan,"
,"Kahraman yatağı Çanakkale Şehitliği'nden,"
,"ağladım,ürpermemek mümkün,"
,"ceddimiz,mübarek şehitlerimiz,"
,"ki,ilhamımız,örnek insanlarımız."
,"Bugün rahat yaşıyorsak güzel vatanda,"
,"Kütahya'da,Dumlupınar'da,Sakarya'da,"
,"Ülkemin tarafından gelip buralara,"
,"Kahramanca savaşan,çarpışan,şehit olan,"
,"yüce,o cengaver insanların sayesinde,"
,"Kahraman ırkıma bugün sızmış ihanet,"
,"Bütün yüreklerde gene acı,elem nefret,"
,"Düşmanların mert değil,hepsi namert,"
,"Türk'e,Türk'ten kendini Türk hissedenden,"
,"Yoktur başka,dost millet,halkım canına minnet,"
,"İçeriden dışarıdan kurulmuş kumpas,"
,"zamankinden daha birlik olmalıyız,"
,"Bunu tüm dünyaya göstermeliyiz,bir kez daha,"
,Atamın dediği muhtaç olduğumuz kudret
,Damarlarımızdaki asil kanda mevcuttur elbet.
,"Atamın gösterdiği yoldan ilerleyelim,duralım,"
,"Onun gösterdiği hedeflere beraber koşalım,"
,"Türk,Kürt,Laz,Çerkez,Boşnak hepimiz biriz,"
,"Uyuma ülkemin güzel halkı,silkin kendine gel,"
,"güzel günler,uzakta değil, yakındır elbet."
,Not:Şiirlerimin Kayıt Belgesi Vardır.Her Hakkı Saklıdır.
,
Bayrağım,
,BAYRAĞIM
,Ay yıldız süslemiş yerleri arşı
,Mukaddes inancın yolu bayrağım
,Saygıyla okunur İstiklal marşı
,Şehit kanlarının alı bayrağım
,Gönüllerde kutsal sevilen
,Uğruna can verip elde edilen
,İstiklal nişanı burca dikilen
,Milli davamızın dili bayrağım
,Türklük var oldukça sönmez ocak
,Gücümüzde vardır şerefli sancak
,Al yıldız hilâli baki kalacak
,Ulusal birliğin beli bayrağım
,Cephede savaştı kahraman eri
,Zafer benim dedi dönmedi geri
,Şanlı bayrağında şehitler mührü
,Geçmişi ibretle dolu bayrağım
,Yuvasız kuşların yanık ötüşü
,Balkanların sana ağıt yakışı
,Altaylardan coşan selin akışı
,Asırlık çınarın dalı bayrağım
,Düşmanlar baş vurdu oyun hileye
,Kim dayanır vatan çileye
,Ulu batlı hasan dikti kaleye
,Şehit kanlarının gölü bayrağım
,Vatanını seven etmezki kusur
,aziz milletin yüreği cesur
,Şehit düştü olmadı esir
,Kahraman bileğin eli bayrağım
,Tuncayım kurbanım aziz vatana
,Lanet olsun bayrağımı yırtana
,Sana kıyan Türk değil utana
,Türk’ün ay yıldızlı gülü bayrağım
,22.03.2005
,
Katil,
,biri
,Sıradan düşleri
,Düşünceleri
,"İnsan, insanlık üzerine"
,Kurulmuş hayalleri
,Olmak isterdim
,Olmak isteyenleri
,Dost bilirdim
,Tarih insanı kirletti
,Katilleri kahraman ilan etti
,Eli kanlı insanlar
,Hayallerinde çıkarlar
,Kafalarında planlar
,Patlatılan silahlar
,Ortalıkta dolaştılar
,"Kadın, çocuk, yaşlı, ihtiyar"
,"Masum, suçlu ayırmazlar"
,Fareler kovalanırlar
,Kaçacak yer bulamazlar
,"Öldürülürler, asılırlar"
,Katiller rakı masalarındalar
,Kahkahalarla zaferlerini kutlarlar
,Tarihe altın harflerle yazılırlar
,Dogmalarla korunurlar
,Tanrılaştırırlar
,Putlaştırılırlar
,Soramaz insanlar
,Nedendir akan kanlar?
,Karşılarına dikilir yasalar
,"Akla, kalbe, dile parmaklıklar"
,gösterilen sehpalar
,Ömürden ömür biçtim kendime
,Sordum hangisini isterim diye
,Ömürlerden ömür biç kendine
,Sor hangisini isterim diye
,"İşte katiller, yandaşları, kahraman niyetine"
,"Yardakçıları, şakşakçıları, dolaşır çağdaşım diye"
,Köşelere kurulurlar bizde insanız diye
,İşte mazlumlar toprak altında
,Sürülmüşler oraya buraya
,Satılmış insanlıkları iki pul paraya
,Kurban edilmişler doymaz çıkarlara
,Hakları boğulmuş rakı masalarına
,"Binler, on binler, yüz binler dizilmiş sıraya"
,Tespih taneleri saçılmışlar oraya buraya
,Zulüm şahlanmış medeniyetim diye
,Sordum kendime işin neresindeyim diye
,Sormalısın kendine işin neresindeyim diye
,“bir insanı öldürmek insanlığı öldürmektir”
,“insan öldürme üzerine kurulan politikalar katilliktir”
,“bir insanı yaşatmak insanlığı yaşatmaktır”
,"“İnsanca düşler kurmak, yaşamak insanlıktır”"
,"Aklım, kalbim sıradan biri"
,"Okurken, dinlerken tarihin kirlerini"
,"Sızlar, kararır düşleri, düşünceleri"
,Katil ilan eder insanlığı kirletenleri
,04.12.2011 – İzmir
,
Bozkurtların Diriliş Destanı,
,altaylardan gelen ulu Tengri yiğitleriyiz
,Tengri dağları önünde ötüken yaylasında yetişmişiz
,beş kıta üzerinde at oynatan erleriz
,Kaf dağı ardına akınlar düzenleriz
,Bizi kimse durduramadı sel akıp geçtik
,Yakıp yıkmadık illeri hep mamur ettik
,"göktürkleriz,Uygurlarız,Hun Türkleriyiz"
,Doğudan batıya rüzgar esip gürleriz
,mesken tuttuk cümle yeryüzünü kendimize
,"Ulu tengri nasip etti,nice görklü kaanları getirdik dize"
,"bilgelikte de,uygarlıkta insanlığa önderiz"
,Kutlu kızıl elma yolunda nice cenkler ederiz
,Cihan titresin bozkurtlar anadoludan türüyoruz
,"Bozkurtum,Asenam Atamız'ın yolunda yürüyoruz"
,Bize hiçbir millet kavim baş eğdireme di kılıçla okla
,İçimizde fitne ocakları sönecektir kutlu solukla
,"Kahraman türk milletiyiz,kutludur billahi davamız"
,Haktan almışız tertemizdir pırlantadır özümüz
,Atam Bilge kaan der üstte bakır gök erimedikçe
,Kimse bozamaz töremiz altta yağız yer çökmedikçe
,"Nice şehitler vermişiz,islamı baştacı bilmişiz"
,"Hakkın emrini,insanlığı yedi düele öğretmişiz"
,"Bizi yıkamadı,töremizi bozamadı nice uğrular"
,Bağrımızda türedi nice ulu kahraman başbuğlar
,tarihe yön veren çağ açıp çağlar kapayan milletiz
,"Ergenekondan türedik,çağlara meydan okuyan devletiz"
,"Kızımız,kızanımız pusatlarını giydimi topyekün seferberiz"
,"Akından akına koşan,arslan yürekli efsanevi erleriz"
,"Kopuzumuz çalınsın,kösler vurulsun cenge gidiyoruz"
,"ölüp Hakk'ın yolunda, binlerce kefensiz diriliyoruz"
,Nihat Gülle
,Şair yazar
,
Çiçek seccadem,
,Çiçek seccadem
,Çiçekli seccadem
,Seccadeler çiçeklidir gönüllere...
,çiçek insanlar gördüm ben...ne kahramanlardı
,Ömrümün tepeleri papatya açsın artık
,Sarı çiçekler açsın
,Yunusça dillensin alnım kahraman
,Kahraman Osman haya nehri olsun yüzüm...
,ahir zamanda güneşsin
,Seccadem isa elisin kahramansın
,Gönül toprağımı çiçeklendirirsin
,Seccadem Nuh gemisi tufanın kahramanısın
,musanın asası kahramansın
,ahir zamanda çöl bitkisi gönlüm
,Dallarım çiçeksiz
,Çiçekli seccadem çiçekler ser önüme artık
,
Mustafa.Kemali Gördüm Rüyamda...,
,Mustafa Kemal'i gördüm dün gece rüyamda
,Elinde dürbünüyle kocatepe sırtlarında
,"Türk ordusunu yönetiyordu,bir orkestra şefi"
,"Emirler yağdırıyordu askere,bir arslan heybetinde"
,Altın sarısı saçları uçuşuyordu esen tatlı rüzgarda
,Kükrüyordu aniden istiklal ölüm diye
,Vakar kararlılığı okunuyordu asil yüzünde
,Ruhlara boyun eğdiren inanç gizliydi özünde
,Enginlerle birleşiyordu masmavi ışık ışık gözleri
,Yenilmez çelik irade okunuyordu abideleşmiş yüzünde
,Düşmanı söküp atmak Türk'ün öz yurdundan
,size savaşmayı değil ölmeyi emrediyorum diyordu
,Türk topçusu ölüm kusuyordu ovada işgal ordusuna
,Sonra asker süngüsünü takıyordu tüfeğin namlusuna
,"Sahip çıkıyorlardı aziz vatanın arına,namusuna"
,Böyle seferberlik gelmemişti kahpe düşmanların us'una
,"Alparslanlar,Yavuz Selimler,Fatihler kopan toprağında"
,"Alperenler,Yunuslar,Mevlanalar diyarı güzel yurdumdan"
,ölümsüz kahraman daha çıkıyordu vatanın öz bağrından
,"Soylu yaratmış bilgiyle donatmıştı onu,her şeyi yaratan"
,gün batmayacak güneş doğuyordu enginlerden
,Emrediyordu adeta M.Kemal yağan kutlu yağmura
,Hükmediyordu sanki geçen kutlu zamana
,Mustafa Kemalle devleşiyordu millet kez daha
,Sevinç gözyaşlarıyla uyandım kutlu rüyadan
,M.Kemali görmeyi nasip etti yüce yaratan
,Yüreğim minnetle eğildi hatırası önünde zaman kalktı aradan
,"millete nasip olmaz,böylesine eşsiz kahraman"
,Nihat Gülle
,Şair yazar
,
Türklüğün destanı,
,Yaşım ondokuzdu yirmiyi buldum
,"mutlu banaki, asker oldum"
,geleneği atalarımdan aldım
,Türk semalarını bekleyen askerleriz
,"Büyüklerim teskere aldı,şimdi sıra bizde"
,"Nice zaferler var,ulu tarihimizde"
,"Karada, havada denizde"
,Türk sınırlarını bekleyen askerleriz
,Hür doğduk doğuştan hür yaşarız
,Hak ettiğimiz zaferlerle coşarız
,“Ya istiklal ölüm” parolamız
,Canını Vatanına adayan TÜRKLERİZ
,"Uzağa dönmeyelim,daha yakın geçmişte"
,"Dumlupınarda,Sakaryada,korede"
,"Düşmanı denize döktük çanakkalede,izmirde"
,Zaferden zafere koşan TÜRKLERİZ
,"Nice imparatorluklar yıktık,devirler kurduk"
,"Masumlara acıdık,zalimleri vurduk"
,Adımızı yedi cihana duyurduk
,Kahraman türk dedikleri TÜRKLERİZ
,Olmadı böyle kumandanları hiç devletin
,"Fatih,yavuz,kanuni,barbaros hayrettin"
,Adını duymayan varmı acep? MUSTAFA KEMALİN
,Onlardan parça olan TÜRKLERİZ
,Tarihlerde geçer sayfa sayfa destanımız
,Kanımızın renginde ay yıldızlı BAYRAĞIMIZ
,zaferimiz şimdi bayramımız
,"Yaşlısıyla,genciyle,çocuguyla kahraman TÜRKLERİZ"
,
Vatan için şehit düşen bütün yiğitlere,
,"İsimsiz kahraman,"
,Adı yok yiğit.
,"Vatan uğruna,"
,"Din aşkıyla,"
,oldun şehit.
,"Gençliğim gitti diye,"
,Sakın yaslanma.
,"kutlu günde,"
,"mutlu sana,"
,Can verdin vatana.
,"yiğit adına,"
,Yazdım destanımı.
,"Sensiz kalbime,"
,gömdüm seni.
,"Aktıkça kanın,"
,Sulanacak toprağım.
,Doğacak bayrağım.
,Ey şehit oğlu şehit!
,"mutlu sana,"
,Can verdin vatana.
,"Ay yıldızı yükselttin,"
,Örnek oldun bana.
,"Durup çiğnetmedin,"
,Namusumu düşmana.
,"Canım feda sana,"
,
,Şehit düştün vatana.
,"desem azdır,"
,Türk oğluna.
,"İsimsiz kahraman,"
,Adsız yiğit.
,"Yusuf’u,"
,vatana adadım şehit.
,
Gönlüm mavisin Deniz Gibi şimdi,
,Gönlüm mavisin Deniz şimdi
,Savaşını sevdim
,Gönlüm mavisin deniz şimdi
,Deniz dalgalanışını seviyorum gönlüm senin
,Atışını dışarıya pisliklerini
,maviliğini
,seni dost bildim gönlüm
,"Benim kardeşim sensin,"
,Benim güneşim sensin
,Ey maviliğine aşık olduğum...
,Savaşını sevdim
,Gönlüm deniz maviliği dost ki...
,Mavidir gönlü denizin deniz
,En mavi deniz dostluğun gönlüm
,Gönlüm en dost denizsin bana
,Gönlüm mavi denizsin bana
,Savaşını sevdim
,Gönül aynasın onu kirletti hayat
,Gönül mavisin denizsin gönül...
,Gönlümün savaşı var gönül güneş...
,Gönlümün özlemi var çölleri bahçe eder...
,Korkusuz gönül...
,Savaşını sevdim
,yaman şeysin yiğit gönlüm
,Savaşını sevdim
,Deniz dalgalanışını seviyorum mavisin gönlüm
,Atışını dışarıya pisliklerini
,Kahraman duruşunu seviyorum çapulcu karanlığa
,Kışa dayandın kahraman güneş oldun
,Savaşını sevdim
,Karanlığa direndin en parlak yıldız oldun
,Yalanın kara çocuğu hayata vermezsin aman
,Savaşını sevdim
,Bahçemde sarı çiçek oldun zaman...
,Yiğitliğini sevdim
,
Saka Türk hükümdarı yiğit Alper Tunga,
,"Divan-ı Lügat-it Türkte adı geçen hünkar,"
,Saka Türk hükümdarı yiğit Alper Tungadır.
,"Turan içinde düşmana bayrak açan hünkar,"
,Saka Türk hükümdarı yiğit Alper Tungadır.
,"Tanrı Dağlarının başı olur duman,"
,Düşman olan kimseye asla vermezdi aman.
,"Oğuzda yer yüzünün dar geldiği kahraman,"
,Saka Türk hükümdarı yiğit Alper Tungadır.
,"Ok atmak uğruya gerer idi yayı,"
,At atlayışta geçer idi çayı.
,"Türklerin gönlünde destanlaşan Türkmen Beyi,"
,Saka Türk hükümdarı yiğit Alper Tungadır.
,"Sırtında sadağı başında tüylü börk,"
,Elinde kılıcıyla meydanı etmezdi terk.
,"Türkler arasında sevilen kahraman Türk,"
,Saka Türk hükümdarı yiğit Alper Tungadır.
,"Yusuf destanla Kutadgu Bilikte yer alan,"
,Oğuz içinde Türkmenlerin atası olan.
,"Keyhüsrev eli zehirlenerek ölen,"
,Saka Türk hükümdarı yiğit Alper Tungadır.
,
Kahramanlık Odurki,
,Kahramanlık odur
,Dağlar çıksa önüne
,Ulaşır sevdiğine
,Yediveren gülüyle
,Kahraman odur
,Cepheden
,Umut sağar
,Tanrıdan
,Sevdiğine
,Kahraman odur
,İçinde
,Fırtınalar esse
,sonra mevzide
,Öleceğini bilse
,Seve seve çarpışır
,Onun uğruna
,Yedi cephe
,Ağlamaz
,Ağlatmaz
,Geride hüzün
,Bırakmaz
,mendillere
,Emanet etmez
,Sevdiğini
,Mezarlıklar
,Aratmaz kendini
,Hep güneşle hatırlanır
,güneşi fethetmeye gitti diye anlatılır
,Gururla
,Gözleri parlayarak
,Tanıyanlar tarafından
,Tanımayanlara
,Kahramanlık odur
,Büyüdükçe destanı
,Yüreklerde
,hikayesi
,Ulaştıkça
,Beş kıta yedi iklime
,Yüreğine sığacak
,Küçülür
,Sevdiğinin gönlüne
,Arandığında bulunur
,Bazan şarkıda
,bazan solmuş resimlerde
,Kahramanlık odur
,Sevdanın düşünü yazar
,Yazdırır...
,Eylemleriyle
,Söylemleriyle
,Unutturur ihanetleri
,Aydınlatır evreni
,Yıldızlarıyla
,Ebem kuşakları sunar
,Ela gözlere....
,benim
,Sevgilimdir
,
Cumhuriyet 84. Yaşında,
,Osmanlı ailesi vardı
,Dünyanın dört yanına adalet dağıtan
,Gel zaman git zaman
,Çökmeye başladı koskoca hanedan
,Üstüne oynanan oyunlardan
,Çağa ayak uyduramamaktan…
,Osmanlı ailesi vardı çaresiz
,Artık hasta diye anılan
,kimsesiz değildi vatan
,Aslanlar yürek vardı Selanik’te atan
,yürekler vardı kıpırdayan
,"Yok, olamazdı vatan"
,Ölüme terkedilemezdi Türk Milleti
,Yenmeliydi illeti!
,yürekten 29 Ekim’e uzanan umut
,Umutlar vardı masmavi gözlerden fışkıran
,Gönülleri tutuşturan
,Mustafa Kemal’di umut
,Onunla dağıldı ülkemin üstünden kapkara bulut.
,Taptaze kandı Ata’m
,Kongreden kongreye
,Cepheden cepheye
,Hasta adamın damarlarında dolaşan
,ülkemin üstüne güneş doğan
,"Tarih yazdı kanıyla, canıyla, şanıyla"
,"Çanakkale geçilmez! Dedi,"
,Sakarya’dan aktı
,Ordular hedefiniz Akdeniz! İleri
,"Dimdik ayaktaydı şerefli asker, komutan"
,Tek yürekti vatan
,"parlak zekâ,"
,kahraman yürekte cumhuriyet’ti yatan
,Ülküsünü anlamıştı Türk Milleti
,29 Ekim’de kurdu Cumhuriyet’i
,‘’İşte Bunlar Benim Evlatlarım’’ dediği
,Kahraman Türk Gençliği
,"84.yıla eriştirdi, aynı sevgiyle, aynı coşkuyla"
,Atatürk’ü Cumhuriyet’i
,
Şırnak dağları...,
,"Türk askeriyiz,kahraman Jandarmayız"
,"Şırnak dağları,sizinle yatıp sizinle kalkmaktayız"
,"İç güvenlik sınırları korumak,o bizim işimiz"
,"Kutsaldır vazifemiz,Vatan sınırlarını korumaktayız"
,"Tam teçhizat dağa tırmanırken,aklımıza gelir bazen"
,"Verdiğimiz onca Şehidler basılan karakol,Taşdelen"
,"Yeminliyiz,böyle acıları daha yaşattırmayacağız Ülkemize"
,"Azimliyiz,güçlüyüz hizmet vereceğiz hizmet Türkiyemize"
,"Üsteğmen Tarık,Kahramanca çarpıştı,Şehid oldu Tarıktepede"
,Yanında olsaydık komutanım verirdik canımızı senin seve seve
,"ki,kahraman Türk Jandarmasıyız,askerlerin hasıyız"
,"Komutanımız herşeyimizdir,siper ederdik gövdemizi kendisine"
,"Işıkveren,Berkur,Kapkapı Duymadık daha önce isminizi"
,"Sorsalardı neresi? Köytepe,Ramadan,Altıntepe,bilemezdik yerlerinizi"
,"Oysa şimdi bizden parça oldunuz,hafızamıza kazındınız"
,"Görevimiz korumaksa,elbette canımız pahasına koruyacağız sizi"
,"Sivuşi deresi,yolların izin verirsek açılır"
,"Teröristi,vatan haini kaçar bizden köşe bucak"
,"Ceviztepe,Taciztepe sizlere taciz daha asla olmayacak"
,"Ay-yıldızlı bayrağımız üstünüzde dalgalanıyor,dalgalanacak"
,"Tepelerin tepesi Sokuna bizim Şahdamarımız,kalbimizsin"
,"Kilometrelerce yol yürürüz ulaşırız sana,seviniriz bilesin"
,Sanırız kendimizi kocaman gül bahçesinde
,Yol verme yabana Sokuna Sonra ahımız kalır sende
,"Karanlık günler geçti,mazide kaldı,artık gelmeyecek"
,"Yurdumuzun en berrak gökyüzü burada,ışığı sönmeyecek"
,"Biz,bu sınırların kartalı,kahramanlar kahramanı Türk jandarmasıyız"
,"Ballı 5.jandarma sınır taburunda hizmet aşkımız,şanımız asla bitmeyecek..."
,Ali Efeoğlu
,Ağustos.2001.Ballı-Şırnak
,
*Vatan* Sana* Canım *Feda*,
,Yok senden
,Sığınacak dalım.
,olmaz isen
,Olmayacak
,Mutlu yarınlarım
,İyi varsın
,İyi varsın
,Benim güzel
,ŞİRİN
,Vatanım.***
,Senin Kutsal
,Topraklarında
,Doğdum***
,Senin
,Bereketli
,Topraklarında
,Doydum***
,Senin huzurlu
,Güven dolu gecelerinde
,Uyudum.***
,Büyüdüm okudum
,Adam oldum.***
,Kendimi buldum.
,Senin asker oldum
,Senin Kah gazi***
,Kah şehit oldum***
,Benim Kutsal
,Canım Vatanım.***
,"Sensin benim, onurum"
,"Sensin benim,gururum"
,"Sensin benim,namusum."
,Ömrümüz yettikçe
,Dilimiz döndükçe
,Seni yaşatmaya
,Yemin ettik.
,Ayyıldızlı Şanlı Bayrağımız
,Dalgalanacak.***
,Laik Cumhuriyetimiz
,Yaşayacak.***
,Mustafa Kemali
,Kutsal ULUS ***
,Canımızın Kanımızın
,Pahasına olsa
,Ebedi payidar kalacak
,Benim Kutsal***
,Kahraman ***
,Canım Vatanım.***
,Vatan Canım feda sana
,Yalvarıyorum
,Yüce Yaradana
,Güç Kuvvet ver olur
,Şanlı Kahraman Orduma.
,Saygılar
,24.Şubat 2008
,Şair 67
,A.Cemal AĞIRMAN
,
Bir Nöbeti Vardı Tuttu dediler,
,"nöbeti vardı tuttu dediler,"
,"Zemzemi nefes yuttu dediler,"
,"Onu vuran şeytan puttu dediler,"
,Şehidim yüreğim dağlandı yine.
,"Dağda tutulmayan aslan gibiydi,"
,"Yürekli kahraman cesur biriydi,"
,"Şehit olduğunda gayet diriydi,"
,Şehadet ederek gitti dediler.
,"Annesi babası gurur doluydu,"
,"Gittiği yol Cennet Allah yoluydu,"
,"Oda bizler hakkın kuluydu,"
,İmanla ihlasla uçtu dediler.
,
Kurtuluş Savaşında 2000 Kırgız,
,2000 Kırgız yiğidi atlarla yola düşmüş Anadolu'ya.
,6000 km. at sırtında. Biter yol Rab.
,Yardım etmek Mustafa Kemal'in kahraman ordusuna.
,"bekler yollarda bilinmez,Türklüğün onurudur"
,belkide
,Gazilerin göz yaşları silinmez akar ardısıra
,"yol gider atayurttan Balkana,Adriyatikten Çin"
,Seddine
,İşte yolun sevdalısıydı atlılar biline
,"At sırtında doğmuştu,at sırtında ölmek yakışır"
,Üzengiye yapışmıştır kaderi vurulsada düşmez
,2000 çelik yiğit taşırcasına binlerce yılı omuzunda
,Katılacaklardı Mustafa Kemal'in ordusuna
,Deh dediler tarihe yürü savaşa
,Kandaşlarım vuruşurmuş ayrı düşmek yakışmaz kardaşa
,Atlarımız yıkılsa yayan yürür gideriz
,ulu dava bizim; yaza denk kışa
,Kurtuluş Savaşının kahraman cengizleri
,6000 kilometre atla sar bizleri
,nurdan akıncı tarihsiniz en baştan
,Türkler korkmaz dediniz yoldan savaştan
,Kimse geri dönmedi.Savaştan sağ çıkanlar İznik
,bölgesine yerleşti.
,gün Anadolu'da aynı şeyler olsa
,kalkar gelirlr kez 20000 belki
,
Su Zambağım,
,"Açtı su zambağım bataklığa bulanan iklimlerimde,"
,"yanım dipte idi, diğer yanım boş ümitlerde,"
,"Batan yüreğimi bulup,su üzerine çıkartan"
,Azalan umutlarımı gülüşüyle çoğaltan SEN;
,"Nasıl Şirin oldumda Ferhat delip geldin dağları bil bilsem,"
,Gelişinle yangınlara nasıl alevler saçtığını görebilsen...
,"Yapraklar şahit olsun bundan böyle,"
,"Kızmızısı,sarısı pervazlansın güneşinle,"
,"Hüzmelerin en güzelinin vurduğu yüzüne,aşık ettiğin yürekle"
,Saçının tek teline zarar gelmesin diye aldığım siperle
,"açtı açacak çiçeklerimle,"
,"Sonbahara yakışır geliş hikayenle,"
,"Köklerimi sağlamlaştıran nilüferle,"
,Masalıma kahraman oluyor
,Doluca yürekle aralıyorsun ışıklar saçan kapılarımı
,öylece kalakalıyor
,kelimeleri dökebiliyorum mısralarıma:
,"Dizelerime verdiğim hayat; hiç doğmamış güneş idi,"
,"Gelişinle ömrüme güneş açıp, kaybolduğum sokaklarda ışık oldun."
,İzini sürüyorum bana sunduğun güzel yolun
,ömrümü sessiz gülüşüne severek adıyorum.
,Seni Seviyorum.
,Pelin Kahraman.
,
"Hacı Bayram Veli-""siz hiç ay aşığında ağladınız mı"" 2007",
,Koştum harına piştim
,Gülmeyin deliye
,Kanat taktım yetiştim
,Gavs-i zaman veliye
,Ankara’da uyandım
,Kendimi şâir sandım
,Sarsıldım dayandım
,Hakka burhan veliye
,Meltem esti serinden
,Beste beste derinden
,Akşemsettinlerinden
,kahraman veliye
,Sultanım âh sultanım
,Gül kokuna kurbanım
,Feda olsun canım
,Cismi nurdan veliye
,Yaklaştıkça yutkundum
,Yutkundukça yutkundum
,buket duâ sundum
,Âlem kurban veliye
,Ankara’yı haz ettim
,Duygulandım naz ettim
,derdimi arz ettim
,Derde derman veliye
,Sevincim arşa değdi
,Kimin sesi neydi
,İnsanlık başın eğdi
,Hacı Bayram Veli’ye
,21.05.2006 Ankara
,
Istırap - Tufan Yığıntıları,
,Kıvrım kıvrım yollar uyan gardaşım
,Karanlıkla kimler nere kısıldı
,Secdenin önüne devrilen başım
,Beyaz sevdalarda ebed nasıldı
,Ah be yolculuklar içinde narın
,nesil ziyânda niceolur yarın
,Çarpık zihniyetler gürzü inkârın
,Yerli beslemeler aslan kesildi
,Derin vadilerde kimler kimle bil
,Dağınık vicdanlar vicdanlar sefil
,Ülkem çatırdıyor kök bizim değil
,Hainler kahraman kimler asıldı
,
Şehidim Ali,
,vatan canını feda eden kahraman şehitlerimize geride yüregi yanık kalan yakınlarına ithaf olunur.
,"Üs bölgesi telefon çalıyor,"
,"Tezel Binbaşım ahizeyi alıyor,"
,"Gülperi,nişanlısı Ali'yi soruyor,"
,Konuşmayı patlama sesi kesiyor.
,"Tel beklemede,Telsiz devrede,"
,"Mayın patlamış yakın çevrede,"
,"Alimde çıkmış gün görevde,"
,Konuşamaz Alim yatıyor yerde.
,"yanda Şehit Askeri,"
,"Haber bekliyor Aliden Gülperi,"
,"Boşandı Binbaşımın alın teri,"
,Yürek susmuş dil demeli.
,"Dallıağaç Alime şehit yeri,"
,"Karalar baglasın Gülperi,"
,"Giden gelirmi gayrı geri,"
,Allah korusun Askeri.
,
...Kül’den Kül...,
,anlamak gerekmez
,anlam yeter tek başına
,namluya sürülmüş
,tehlikeli oyundur ince analiz
,yanarak geçmek vakti şimdi geçitlerden
,sindirerek ateşi ağır aksak
,zamansız alev almamalı tek söz
,tek sancak
,ağlar sonra rıhtımdaki gemiler
,kanatlarını kırar şiir kuşu
,düşer
,şeceresi sağlam sahillerde
,ölü kahraman
,tedavülden kalkmış
,olabildiğince suskun
,sonuncu yüzer-gezerim
,-dibi yanık gurbetlerde kayıp-
,nevi şahsına münhasır müstakil
,kendisiyle müsemma cüz
,kâh mutlu
,kâh mutsuz cengâver
,harcıâlem ocaklardan uzak tutup yak beni
,sözün özü hecenin geleceğini
,duman vermesin sakın od
,yürek bilir alevde gizlenmeyi
,küller yok olmaz
,yaşamı saklayandır
,şiir ölen
,şiir doğan
,şairler
,(11 Haziran 2005)
,
Avuçtaki yıkıntılar,
,Avuçta kırıntıların
,"evrende dolaştığı yön,"
,istikamet.
,Yeryüzünde kuruntuların yıllarca
,bedeli gönüllü yargıç.
,Unutulur masaldaki kahraman
,Yutulur yitirilen çocukluk.
,Büyümenin intikamı hasbıhâl
,Mükâfatı avuçtaki yıkıntılar.
,"04.08.2006 / ""Zaman Yolu"""
,www.yahyaakbulut.com
,
Güvercin,
,hiçbir dilektin
,Hiç uyumamışlığı gözlerimin
,Ay yıldızıydın gecelerimin
,"Ey, hayaller-im kurmaya kıyamadığım"
,seni sana anlatma hevesiyle sevdim
,yok masaldın.
,"kapan-dın,"
,acımasız sapan-dın
,"hey,en korkak avcısı aşkın"
,yaralı güvercindim camına konan
,uçurmadın...
,"yoluktur kanatları aşkın, kendini kahraman sayarken insan"
,yerde beş paralık aşk
,yer insan sıvısı
,"benden dökülene bak,"
,KAN…
,"Oysa, kendimi vurmaya kıyamamıştım…"
,
Ben Seni Sıcak Tutuyorum,
,hani gittiğin gün var
,hani yağmurları hıçkıran kentin
,ölümle süslenmiş sokaklarından
,süzülüp gittiğin gün
,salına salına
,zafer kazanmış kahraman edasıyla
,hani ay çalmıştı kapını
,güneşi beklemedin
,hani hava buz gibiydi
,üşüyen karıncalarla
,paylaşırken soğuğu toprağın bağrında
,utanç içindeydim tenimin sıcağından
,"utanç içindeydim, ellerim terliyordu"
,ellerimin terlemesi yüreğimin suçuydu
,yüreğim yanıyordu
,işte ilk gün eksik kaldım
,gün gün toprak kokuyorum
,nefesim ölüm yaralı
,gün eksilse tenimin sıcağı
,seni sıcak tutuyorum
,
Kahramanmaraş-1,
,kalenin dili var
,Var ondan daha yar
,Maraşlı çetelerle
,Düşmana oldu mezar
,Uzunoluk geçilmez
,Maraş yardan seçilmez
,Toprağına can feda
,Ona paha biçilmez
,Maraşlı kahramandır
,Kahramanlık mayandır
,Dostuna pamuk
,Düşmanına yamandır
,Sularım kanımla
,Severim canımla
,Kem gözle bakanları
,Boğarım tükrüğümle
,eşim aşımsın
,hayat kaynagımsın
,Kahraman şanlısın
,Sevgili Maraşımsın
,
Aynalar,
,Aynaya bakarsın gördüğün sensin
,"Sanma rüya, hayâl verir aynalar"
,"Kahraman olan sen, kaçan sensin"
,Sanma olmayan hâl verir aynalar
,Çukursa küçüğü büyük gösterir
,Tümsekse büyüğü küçük gösterir
,Düz olanı açık gösterir
,görüntü verir aynalar
,"Dört köşe olurlar, bazen yuvarlak"
,Sırları sağlamsa gösterir parlak
,"hafıza taşır, bellek"
,Karşıda duranı görür aynalar
,"Sırlı camdır, olmaz amacı, kastı"
,Gençlik yıllarının en kadîm dostu
,Sonra yıllarda sanırız küstü
,İnan aldığını verir aynalar
,
Her Sabah,
,sabah
,sabah akşam üstü
,Derim kaderim bana küstü
,Binlerle yaptığın mezar büstü
,Neden bırakırsın ay bakışlı
,Şehidim kalkar divana
,Vurur vurur
,Şavaşır vatan aşkına
,Döner gelir
,Allah aşkına
,Yetmedi mi?
,Dökülen kan’a
,Kara haber tez gelir
,sabah ilah üstüne
,Bataklığı kurutmalı
,Şehidimin kanı durulmalı
,vatan uğruna
,Bin can yoğrulmalı
,Ele başı çiyan olmuş
,Yok insan hakları der
,şehidimin hakları
,can binlerce kanıyor
,Şehidim örtüm bayrağım
,İçim yanıyor yanıyor
,İnan depreşen yaram kanıyor
,Ey şehit oğlu şehidim
,Yakındır sana verdiğimiz sözler
,Kurutacak bataklığı
,Senin kahraman Mehmetçikler.
,31.07.2007 İlhan Koruyucu
,
Milli uyanışın her zaman başlangıc yeri olan canım Erzurum,
,Erzurum kalemle anlatılmayacak övgüye değer ulu vatandır.
,Silsilemden uğrunda cephelerde savaşan uğrunda şehit yatandır.
,Babam oğuz anam çeçen kahraman Türk ırklarından gelendir.
,varken hiç soysuzda seni işgal edemez canım Erzurum.
,Türkün başına Türkoğlu Türk Atatürk baş olur
,Yavuz Sultan Selim Tük oğlu Türk Padişah olur.
,"Nene Hatunlar, Kara Fatmalar Türk’ün başına taç olur."
,Milli uyanışın zaman başlangıcı yeri olan canım Erzurum
,Halil Çolak 1.11.2005 Ankara saat.05.15
,
Ateş Küreği,
,meziyet
,dönmemek
,eziyet
,etmemek
,hak
,bilir
,ekmek
,verir
,istemeden
,sev
,sevgiden
,dev
,cennet
,istemek
,ateşten
,gömlek
,marifet
,tevazu
,şehadet
,son arzu
,aşk
,ermemek
,zevk
,vermemek
,korku
,kendisi
,sorgu
,efendisi
,diğeri
,
,içeri
,dalanlar
,gölgeden
,korkanlar
,yalandan
,adamlar
,akıl
,denge
,kıl
,simge
,fikir
,idrak
,düşün
,bırak
,umutları
,tutun
,haydutları
,unutun
,görgüsüz
,gözler
,ışıksız
,fener
,takırtıları
,lakırtıları
,bıraktıkları
,gürültüler
,yaptıkları
,süprüntüler
,ilke
,boş
,teneke
,sarhoş
,kahraman
,ünü
,dumandan
,ölümü
,vurmadan
,gömülü
,korkudan
,başı
,kumlardan
,aşı
,zakkumdan
,ekmek
,zehir
,yemek
,bilir
,işleri
,kapan
,gülüşleri
,yalan
,alışverişleri
,duman
,zebani
,cehennem
,meleği
,bilmem
,son
,dileği
,ateş
,küreği
,
Bu Topraklar Bölünmez,
,"Kan dökerek kazandı, hep dedelerim,"
,"Vatan’da sona erer, büyük kederim,"
,"Burçlara sancak diker, en son neferim,"
,"topraklar bölünmez, Fedai’si var..."
,"Türk’ün hepsi kahraman, elalem bilir,"
,"Bizim aklımız başta, düşman delir,"
,"Yüzlerce şehit düşse, yüz binler gelir,"
,"topraklar bölünmez, Fedai’si var..."
,"Tarihimiz şan dolu, zevkle bakarım,"
,"Uzanan düşman ele, zincir takarım,"
,"Yan gözle bakanları, közde yakarım,"
,"topraklar bölünmez, Fedai’si var..."
,"Sonsuza dek dalgalan, şanlı bayrağım,"
,"olacaksın benim, yaşam kaynağım,"
,"Savaşlarda yorulsam, düşse tırnağım,"
,"topraklar bölünmez, Fedai’si var..."
,
Çanakkale’yi Geçemediler,
,"Şanlı büyük destan,kahraman asker."
,"Kanını toprağa,nasılda eker."
,"Cephede türlü,cefayı çeker."
,"Tarihi yazıyor,Çanakkale’de."
,"Binlerce şehitler,toprakta yatar."
,"Seyit çavuş durmaz,gülleler atar."
,"İngiliz gemisi,ne güzel batar."
,"İçimiz yanıyor,Çanakkale’de."
,17.03.2007
,
Elbet....,
,Suçlu değil midir ciğeri yiyen ;
,Korkuyla etrafa bakınır elbet!
,Ekvatorda tir tir titreyen;
,Şubat soğuğundan sakınır elbet!
,"Farelerden korkan, miskin kediler"
,Sofrada varı yoğu yediler
,Sonra utanmadan “açız” dediler
,Oburlar açlıktan yakınır elbet!
,Ağa bulamazken yemeye kepek;
,Neyine lazımsa istiyor ipek
,Çoban sopasını tatmayan köpek
,Kahraman edası takınır elbet!
,
Ben hiç yoktum aslında,
,Şimdi beni bilen bilemez
,bilenim yok zaten
,Çilingir sofralarında
,Hatıra oynadığım figüratif rolleri çık
,Yada trişkadan 'Baba' ları
,İçimdeki fırtınadalardan harabeyim
,Birben serseriyim köksüz kökensiz
,sapına divaneyim
,bana şahidim
,bilen benim beni
,"bana dostum,yada düşman"
,Kayıp zamanların yitiğiyim şimdilerde
,Beterin beterindeyim hakettiğimce
,Ortasındayım tozduman şeytan düğünlerinin
,"Zorla misafiriyim,zincire vuruldum sevdiklerimce"
,hiç yoktum ey geçmiş zaman
,"vardın,başkalarına öyleydin asıl kahraman"
,Şimdi beni bilen bilemez
,"bilenim yokki,zaten hiç olmadı"
,
"Dün, Biz Böyle Millet İdik",
,Tarihte izimiz vardır
,"Dün, böyle millet idik"
,Yazdık altın sahifeler
,"Dün, böyle millet idik"
,Ceddimiz fetihler yaptı
,Cihaddan cihada koptu
,Avrupa elini öptü
,"Dün, böyle millet idik"
,"Sözümüz geçerdi, erdi"
,Ordumuz sefer ederdi
,Küffarı hep yere serdi
,"Dün, böyle millet idik"
,"Çalıştık durmadan, an"
,Binlerce adsız kahraman
,Kimseye etmedik aman
,"Dün, böyle millet idik"
,Zalime kılıcı vurduk
,Haçlılara karşı durduk
,İman medeniyeti kurduk
,"Dün, böyle millet idik"
,Çobanoğlu tarih bilir
,"Doğruları bulur, alır"
,"Şanımız var, şanlı kalır"
,"Dün, böyle millet idik"
,(07.02.2005)
,
Tozlu Kahramanlarım,
,kitapçının binbir gece masallarında
,raflarda bekleşen tozlu kahramanlarım
,"sesleri müebbet hapis, kitap satırlarında"
,çaresiz kanat çırpar başsız horozlarım
,"itilmiş kakılmış, dip köşelerde unutulmuş"
,"örselenmiş düşsel aşklar, yitik duygularım"
,"narinlik demode, özveri saçma bulunmuş"
,deli katarına konmuş adsız kahramanlarım
,ciddi rehabilitasyon gerekiyor onlara
,"ışın kılıcı, ateş topu görünmez kalkanlar"
,cehennem zebanisinden hain ifade suratlara
,düşmanı lime lime eden biçerdöver silahlar
,yeni kahraman yaratanlar sanki sözleşmiş
,"şiddet öfke, taze dimağlara körüklenen"
,"dilim varmıyor ama, galiba karar verilmiş"
,üçüncü dünya savaşı çocuklardan beklenen
,14-15 Mayıs 2005
,
Sana Veda Etmeyeceğim,
,Birkaç damla gözyaşımı akıttım toprağına
,Sana
,Veda etmeyeceğim
,Yok saysalar
,Yanımdaydın hep
,Sana veda etmeyeceğim
,Yanımdasın benim
,Odamda
,Boyası çatlamış duvarlarımdaki sararmış resim
,Okurken ağladığım kitabımdaki
,Son kahraman
,Şiirimde mürekkep
,kavgamda yüreksin
,Adını andığımda çarpmaya başlayan
,Sana veda etmeyeceğim
,En güzel yerindeydin
,Susturulmuş mayıs gecesinin
,"Hüznün coştuğu sokaklarda,"
,Serinliğinde
,"Hapishane avlularının yetim kalmış yalnızlığının,"
,Sana veda etmeyeceğim
,Sahipsiz bırakılmış devrimlerimdesin benim
,Aşklarımda
,Şarkılarımda
,umutla beklediğim günlerimde
,benim yarınımdasın...
,Sana veda etmeyeceğim
,Bilmeseler
,Bakışın duruyor meydanlarımda...
,6 Mayıs 2003
,01:05
,
Doktor Beye Teşekkür,
,(Yarb.Dr.Fahrettin Alpaslan Bey'e)
,"Kıymetli doktor Fahrettin Beye,"
,"teşekkür eylesem azdır,"
,"Canlara can katar hünerli eller,"
,"teşekkür eylesem azdır,"
,"Ameliyat anında kahraman olur,"
,"Besmele hastaya bıçağı vurur,"
,"Derdin nerede arayıp bulur,"
,"teşekkür eylesem azdır,"
,"Bütün hastalara şefkatle bakar,"
,"Sönmüş ocakları yeniden yakar,"
,"Kimisi yatar kimisi çıkar,"
,"teşekkür eylesem azdır,"
,"Şifa hastanesinin şifa sembolü,"
,"Dolaşsan Ankara, İzmir İstanbul'u,"
,"Hoş sohbet tatlı dil et hasbihali,"
,"teşekkür eylesem azdır,"
,"Meftuni der gözle gördüm hali,"
,"Doktor beyin cihanda yok emsali,"
,"Erzurum şehrinin tek iftihari,"
,"teşekkür eylesem azdır,"
,
Farklı insan,
,"Zor zamanlarda,"
,"Farklı insanlar,"
,Dünya'ya gülerek doğarlar.
,"Yerini dolduracak,"
,"Kahraman insanı,"
,ana doğurmaz.
,Yaradan özel gönderir.
,"Doğumu farklı,"
,Bakışları farklı insanı.
,20.11.06/Bursa
,
Yurdumu sevdiğimden Kaynıyor benim kanım,
,Hey vatanım vatanım
,ülke benim canım
,Taş toprağı aziz
,ruha hayranım
,Yurdumu sevdiğimden
,Kaynıyor benim kanım
,Hey bayrağım bayrağım
,kutsaldır toprağım
,Dört mevsim yaşanıyor
,Türkiye’mdir uğrağım
,Yurdumu sevdiğimden
,Kaynıyor benim kanım
,Hey milletim milletim
,Kahraman cemiyetim
,Sevgisi gönüllerde
,Kayboluyor illetim
,Yurdumu sevdiğimden
,Kaynıyor benim kanım
,Hey devletim devletim
,Bırakmazsın hiç yetim
,Tanıtırsın bizlere
,Dost düşmanın im
,Yurdumu sevdiğimden
,Kaynıyor benim kanım
,Atatürk’ten armağan
,Onunla bulduk derman
,İnsanlar okuyorlar
,Cumhuriyettir ferman
,Yurdumu sevdiğimden
,Kaynıyor benim kanım
,Hasan söylüyor sözü
,Yere düşürmez közü
,Yazdığı şiirler
,Anlatılanın özü
,Yurdumu sevdiğimden
,Kaynıyor benim kanım
,
O sevgiliye,
,neydi! ağlatan hatıra tarihi
,sanki ruhsuz cesettim Medine caddesinde
,ağıt çağlayanı benliğim
,artık yaralı kahraman
,yüreğim hançerden kanadı
,akar derinlere acı dertler
,arşınlayıp geldim seneleri
,Gül bahçesi mescidine
,haykırsam serapsız çöllere
,belki duyar cümle insan
,göcebe oldum kimsem yok alemde
,hiç şey istemiyorum
,ölümün faydası var dertlerime
,şehrin mezarında ahirete dönsem
,çektim insanoğlunun ikiyüzlü tavrından
,odur şeye yarğıç haşa kaderimle oynayan
,hayatını okurken şanlı savaşlarda bende yaralandım
,bende azap çektim okun vuruşlarından
,onulmaz şehit oldum diyarında ayağının tozunda
,zenginlik saltanat yana
,hasretinle yanmakmış yana dolaşa
,mesafeleri kısaltarak nuruna tutunmak
,görkemli hadise olmadan
,muhterem sahabeyle ayrılığa son vermek
,
Bundan Ötesi Öte,
,Benzi solmuş mutlulukları topladım sokaklardan
,Yarına çıkarsam nefesimin ardından
,Avuntu olsun yüreğimin sızlayan mısralarına
,Haykırışlarımın vadesi dolmadan
,Yüklenişim geleceğe geçmişin pişmanlığından.
,Benzi solmuş duyguları topladım simalardan
,Kuruntu kavrulmasın yüreksiz sevdalarda
,Adım başı benliksiz tavırların sefasında
,Sefalete düşmesin yokluğunun ardından
,Serzenişim ellere ümidimin kırılmasından.
,Teni dökülmüş maskeleri sıyırdım suratlardan
,Sırıttı köpek dişleri kan sızan dudak arasından
,"nebze mutluluğa diş geçiren insafsızlıktan,"
,Nefretimin seyri belli güzergâhın ortasından
,Mutlu sonun eteklerine yapışmam ondan
,"Tuzsuz hisler dolanmasın, kazıdım damarlarımdan"
,"Nefsimin vukuatı belli, dosyasının kabarmasından"
,"Azmettiren sicilli, azıtan tecilli ağlamaktan"
,"Bizimkisi suya yazılan destan, buhar olan kahraman"
,Yaratana sadakat başlamalı artık buradan...
,
Zafer,
,Zaferler onurdur tarihi taşır
,Zaferler tarihe Türkle yaraşır
,Zaferler gururdur destana sığmaz
,Destanlar güneştir zafersiz doğmaz
,Zaferler kahraman gaziler şan
,Gazinin zaferidir eksilen can
,Zaferler şereftir Mehmet efsane
,Efsane zaferle yaşar bin sene
,Zaferler yurdumun ufkunda sancak
,Sancaklar zaferle yükselir
,Zaferler inançtır ödülül vatan
,Vatan şehitleri zafer yaratan
,Zaferler yaşatır ezelde ebed
,Ebedde zaferler mutlak müebbed
,Zaferler yekpare taarruz kan
,Taarruz tendedir istiklal kokan
,Zafer yirmi iki gündüz gece
,Hürriyete doğru akar delice
,Zaferler Atam'dan emanet size
,Ankara'dan dört nala akar Akdenize
,
Bayrak,
,Kanımın kızıllığıyla büründün rengine
,Aradım dünyayı rastlamadım dengine
,kıpkırmızı çehren göklerin süsü olmuş
,bembeyaz gözlerin gönlüme pusu kurmuş
,özgürlüklerin özgür kahraman şahı
,tüm gökyüzünün en asil padişahı
,Güzelin güzelliği önünde eğilecek
,Toprak seni öpmek ayağa dikilecek
,Yeryüzüne mutluluk gökyüzüne ışıksın
,Kendi güzelliğine kendin âşıksın
,"Yetimime babasın, anasın öksüzüme"
,"Rabbim, yakın ol diye çıkarmış gökyüzüne"
,"Sende aşk, sende sevgi, sende saklı özgürlük"
,şeyinde özgürsün tek yasaklın; üzgünlük
,mavi gökyüzünün kırmızı süsü bayrak
,Sana âşık olanın gelmez uykusu bayrak
,
Barış Adlı Çocuk,
,Barış adlı çocuk
,Seni sevdik
,Savaşa
,Senin adını verdik
,Kan akmıyor
,Gözyaşları dindi anaların
,Ekmek kavgasına sürüldü
,Kahraman evlatların
,Adil barış
,Büyütecek çocuğu
,Silecek gönüllerden
,Yıllar süren korkuyu
,"(İstanbul, 13 Şubat 2004)"
,
Hesap soran,
,"Sanma dostum kendini kahraman,"
,"Kalp kırmakla bulursun ziyan,"
,"Vefasızlıktır insanı içten yıkan,"
,gün sana olur karşı koyan.
,
,"Dünyada kimse değil sahipsiz,"
,"sanmaki hep kimsesiz,"
,"Gerçek dost olmaz düşüncesiz,"
,Bazen kalırsın yayan.
,
,"Önce düşün sonra söyle,"
,"Herşeyin kuralına uy böyle,"
,"Gönüllerde kin değil sevgi eyle,"
,Sana olur gün hesap soran.
,
,26.01.1997-İSTANBUL
,B.Köy 2.Not.No:009261
,07.09.2005-Antoloji.com
,
Geliyor,
,Som altından sarı saçı
,Dalga dalga coşmuş gelir
,"Gür sesiyle dağı, taşı"
,Eze eze koşmuş gelir
,Büyük önder oldu bize
,"Derman geldi, güçsüz dize"
,Gönül verdim tatlı söze
,Özgürlüğü seçmiş gelir
,Parsel parsel olmuş vatan
,Çakal sürüsü yan yatan
,Nerede vatanı satan
,Kemal Paşa biçmiş gelir
,destan vardı yerde
,Örnek oldu bütün ferde
,Engelleri aşap ser'de
,Doğru yolu seçmiş gelir
,Gökte kuşları uçuran
,Göğsüyle düşmana duran
,Sakarya'da darbe vuran
,kahraman geçmiş gelir
,duyarım 'Amanı'
,Dağlarda barut dumanı
,Geçmedi boşa zamanı
,Vakit nakit demiş gelir
,"Özütürk, coşuyor"
,Susamış hakka koşuyor
,yiğitten öz taşıyor
,Kalemi şan vermiş gelir
,
Anne ile Çocuk..,
,Adı Ahmet üzerinde kırmızı koçuk
,Sabah erkenden balığa çıkan sevimli çocuk
,Çocuk sessiz erken gitmek niye
,Belkide kötürüm annesi uyanmasın diye
,Eve getireceği iki balık hevesiyle
,Hemen gözden kaybolur güvercin nefesiyle
,Artık büyüdü adam oldu iki bin ağustoslu
,Neden olmasınki annesinin kahraman oğlu
,Söğüt dalından boyundan kırık oltası
,Garibe ensesinden takılmış hayat kancası
,"Sonra, haber alınamaz vakit akşama doğru"
,Sonra soğuk ses duyulur aşağıdan doğru
,Göl kıyısında çocuk kırmızı kocuk
,Kimdi gece kıyıya vuran yeşil gözlü çocuk
,Sabah erkenden balığa çıkan sevimli çocuk
,Cesedi sıcak yanakları al al tomucuk
,Nasıl yalnız yatar mezarında daha küçücük
,geçmez belki belki iki gece
,Yanına mezar daha kazarlar
,Kalbi acıya dayanan annesi
,
Sorma Beni,
,Karanlık geceler bezerim ömür giysime
,Gündüzlerden sorma beni
,dünya alemde ufak nokta olsam
,İçi boş dağlara sorma beni
,Göz nuru motiflere sakladım yüreğimi
,Cahillere sorma beni
,Mertlik harmanında feryatlar koparan
,Sahte kahraman yerine koyma beni
,Evlat sevgisi bağlar yüreğimi
,Baba olmayana sorma beni
,Yalnızlıkların dili yok anlatsın
,Deniz yakamozlarına sorma beni
,Mutluluk rüyaları görürüm
,Uykularımdan alı koyma beni
,kalem verdin elime senle beni çizerim
,Dağlar ardına saklanıp yollara koyma beni
,"Gönlüme sur ördüm,kulesinde seni beslerim"
,gönüllerde arama beni
,gün kuş olup uçup gideceksen
,Dünya üzerinde yaşayanlara sorma beni
,03.09.2006 02.46
,
Son Şiir,
,sana yazdığım son şiir
,Son kez güzel görünüyor gözüme şehir
,sözüm olmayacak sana
,son sözüm
,Son dizem
,Çekeceğim son sızım
,Adını anmayacak artık şair
,Adın nefesime düğüm zira içime zehir
,Adın diyorum olmayacak satırlarda
,son kelime
,Hançerdir dilime
,Sökeceğim
,Masaldı sevda bilenler bilir
,vardı yoktu hep böyledir
,Hiçbir şey dilemeyeceğim sonunda
,son meydan
,Yok kahraman
,Çökeceğim aldırmadan
,Biriktirecek düş kalmadı sana dair
,Yaşadıklarım artık sona dair
,Beklemeyi bekleyeceğim duraklarda
,son ağlamak
,Hiç utanmayacak
,Dökeceğim ıslanarak
,sana yazdığım son şiir
,Son kez gülümsedi şehir
,sözüm olmayacak sana
,son sevda
,Son kavga
,Dikeceğim son yara
,
Sen Türk Askerisin,
,Ağlama beni soran yok diye
,Yaptığın vatan borcu sitemin niye
,Okuyup baktıkça mutlu olasın
,değersiz kâğıt sana hediye
,Tüfeğin varya sana yeter
,Sana hasret kalmak ölümden beter
,Yurdumun ucunda mutlu kalasın
,Sayılı gün değil bak biter
,Burada derdime bin dert eklerim
,Teskereni çabuk al; seni beklerim
,Asker kardeşlerime selam söyle
,Sizin içindir en güzel dileklerim
,"Nasip edese Mevlam, bizde geliriz"
,vatan uğruna canlar veririz
,Su uyusa düşman uyumazmış
,Gece gündüz demeden nöbet bekleriz
,Sevginin barışın ezeli bekçisisin
,Vatanından ayrılmaz biricik neferisin
,Nice türlü engeller seni yıldırmaz
,Unutma sen; KAHRAMAN TÜRK ASKERİSİN
,Çal- 19.05.1995
,
Akıncı,
,Düşmanı korkutan kahraman biri
,Allah Allah diye coşar akıncı
,Kalbi temiz olan imanla dolu
,"Zulme savaş açar, taşar akıncı"
,Ceddi cihana ferman okumuş
,Korkmaz engelleri aşar akıncı
,Hakkı hâkim kılmak âleme
,"Mücadele yapar, başar akıncı"
,Peygamber emrine tabi olarak
,Kur'an'ın yolunda yaşar akıncı
,Çobanoğlu der haydin akına
,Cihaddan cihada koşar akıncı
,(1978)
,
Sakarya Destanı Gibi,
,"Birliğimize hainler,açamaz hiçbir gedik"
,"vatanın uğrunda,ne bedeller ödedik"
,"Kimse hayal etmesin,bu vatanı bölmeyi"
,"Düşmanın emelini,hüsranına dönderdik"
,"Tarih sayfaları tanık,her satırda özetler"
,"Bütün şehidin ruhu,bizi Arşdan gözetler"
,"Kahraman ordumuzla,cephelere karışır"
,"Sakarya destanı gibi,bu milleti özetler"
,18.07.2006
,
Öyle ki,
,Öyle tuhaf ölümüne yokluğun
,Sensizlik demir leblebi
,Hasretin paslı makas kör bıçak
,yenilir yutulur kesip atılır...
,Öyle garip sana aşık olmak
,Cesaret ister seviyorum demek
,Göğüs germeli inadına kadere
,kahraman deli divane...
,
Gitsen Şükredebilirim,
,çimen kokulu şiirlerim
,iyot kokulu şehrim
,sulamaktan olsa gerek
,seni tarif eder
,"siyah uzun kirpiklerim,"
,"birde upuzun, ömür saçlarım vardı benim"
,dün cana kıyar kestiğim
,ellerine makas ihanetim var benim
,hep beni zarara sokan birde inadım
,"iki ağacım,"
,sürü çiçeğim var benim
,sormadın!
,bilmezsin hangisi en sevdiğim.
,"romanda,"
,masalda beynimin içinde aynı kahraman var benim
,"hatalarım var, benim efendim"
,isyanlarım var
,kendime has anadilimle türettiğim
,kanamam var tütün basıp dindirdiğim
,inan gitsen üzülmeyeceğim
,ölmedi diye şükredebilmeyi öğreten
,gidenim var benim.....
,
Zengin Ve Yoksul,
,“-yiğitsen vur”
,dediler
,vurdum
,“-yiğitsen kır”
,dediler
,kırdım.
,“-cesursan yak”
,dediler
,yaktım
,“-cesursan yık”
,dediler
,yıktım.
,sonunda
,“-kahramansan böl”
,dediler
,böldüm.
,“-kahramansan öl”
,dediler
,öldüm.
,sonuç
,zengin oldu hep
,yiğit
,cesur
,kahraman
,aç
,çıplak
,yoksul! ..
,
Masal,
,"Uyursun, uyursun, uyanamazsın"
,musibete maruz kalsan
,Dayanamazsın!
,"Günlerin hep kısalırken,"
,Geceler noksanlığa yüz tuttu.
,gecen gününü
,günün geceni yuttu
,Nihayete ererken çetrefilli masal
,hep baş kahraman
,Koşturup durursun durmadan.
,01.02.2006-Bursa
,
Çanakkale yada Bedr,
,Hanzala kahraman; ilk mücahit bedrin aslanları
,Allah vatan Resul terkettiler canlarını
,yolda Hanzala kırarak şehvetlerini
,Bedir`de Hanzala`yı unutma Çanakkale`de Mehmet`leri
,Kimi Bedir kuyularında kimi Arıburnu`nda
,Belkide Hendek`te yada Gelibolu`da
,Nerde istersen bak sağına soluna
,Çanakkale`de yatıyor Bedr`in aslanlarıda
,"Hayber`de Zeyd,Ömer Ali"
,"Conkbayırı`nda Hasan,Hüseyin Veli"
,Önlerinde komutan Allah sevgilisi
,Şehadet müjdeliyor Ilgaz`da cennet müjdesi
,Hayber`de gökyüzünden yağmur yerine yağıyor ok
,Çanakkale`de insanlık kudurdu diş çekmeye kerpeten yok
,Gök yüzü geceaydınlık gündüz ateşten zifiri karanlık
,Yiğitler düşerken toprağa cennette hazır bekliyor kaftanlık
,
Şehitler,
,"Şahadet şerbetin içtin kana kana,"
,"Giderken hiç bakmadın arkana,"
,"Bıraktın geride boynu bükük gözü yaşlı,"
,"Düşman değil tam yedi başlı,"
,"Gömüleceksin yıkanmadan kanlı elbisenle,"
,"Anlıyorum mutlusun yüzüme gülmesende,"
,"Hatırlıyorum gittiydin koşarak cepheye,"
,"kurşunda sıkayım dedin kahpeye,"
,"Geldi haber cepheden kurtuldu vatan,"
,"Cennet mekan olsun onu kurtaran,"
,"Rabbim diyordu şehitler ölmez,"
,"Bayrak inmez vatan bölünmez,"
,"Kahraman diyerek tarihe geçtin sen,"
,"gururluyum bilsen,"
,"yiğide nasip olur şan,"
,"Peygamberde görülür ihtişam,"
,"Ölüm var utanılır linç yada idamla,"
,"Ölüm var gurur verir gider imanla,"
,"Sayenizde dalgalanacak ay yıldızlı bayrak,"
,"Eğildi dağlar taşlar sizlere ağlayarak,"
,"Kudurmuş aslan yurda saldıran düşman,"
,"Şimdi kaçıyorlar, oldular bin pişman,"
,"Güle güle yatınız cennettir mekanınız,"
,"Suladı vatanımı tertemiz al kanımız,"
,Nuh Şahin
,
Töre,
,Boşa yazdı katip
,Mahkeme'nin zaptını.
,Mübaşir boşa söyler
,"Mağdure’nin adını,"
,"Sevda'lar girdi toprağa,"
,Kahraman oldu sanık.
,"Töre kutsandı Urfa'da,"
,Acılara isot'a bulanıp...
,"09/01/2007, Mersin"
,
Pratisyen,
,Gün olur alır başımı giderim
,Fadimenin düğününde halay çekmeye
,Pratisyen olarak
,Kahraman olamam belki
,taht kurulacak gönüller beni bekliyor
,"İstersem şair olurum, belkide ressam"
,Multipotent stem-cell misaliyim
,Ben; kırsal kesimin hekimi
,Ben; yüreğinde yükselmek
,basamak daha yükselmek
,Hırsı olmayanların hekimi
,
Ve aşk gelir kahraman olur,
,ölürüz aşk gelir kahraman olur
,"destursuz ay çekilir,"
,kanımız donar yanarız
,sanrımlı cümleler kurmaya gücümüz kalır
,hiç kirden kurtulmayıda beklemeyiz aşk
,onun kendi getirdikleri
,tek caddesi olan kentlerde kundağın bağlanmışsa
,zaman gördüğün ilk esmer tene kadınım demek istersin
,sonra rüzgar eser
,kuracağın bütün cümleler yerçekimine kurban olur
,bunun yalnızlık en iyi meslek hiç sermaye istemiyor..
,
Kayıp Kelebek,
,"Kalmadı içinde güzelik,"
,"Herşey boş, sahte yalan mı?"
,Unuttun kahraman kelebeği
,Kanatları tozdan fırtınalar koparan
,Geçmişi sırtında geleceğe taşıyan
,Şimdi amaçsız biçare
,"Dününü satmış, yarını meçhul"
,İpekler örsen artık çare
,Çıkamayacaksın kozadan
,
Berraklık Dediğin Yosun Tutmuş,
,Gözükmüyor
,Gözükmüyor artık
,Baktığın denizin dibi
,Berraklık dediğin yosun tutmuş.
,"Görmek, baktığını"
,Eski masalda
,Kahraman olmuş.
,Öylesine sert öylesine sert
,Güneyden esen rüzgarlar
,Kuzey rüzgarları unutulmuş
,Ey yolunu kaybetmiş insanlık
,Günahı sevap sevabı günah olmuş.
,"“ki ilk insan,"
,günahı tatmadan
,bilir miydi
,günahın günah olduğunu”
,
Kıbrıs Barış Harekatı,
,20 temmuz 1974 sabahı gökyüzünde jet sesleri
,kıbrıs göklerinden yıldırımlar yağıyor rum'un üstüne
,kahraman paraşütçüler yağmur iniyorlar köşeye
,"mehmetçik beşparmak dağlarında,ardında türk bayrağı..."
,başpiskopos makarios efendi kaçacak tabii korkakça
,top sesleri inletiyor lefkoşa'yı korkunç!
,türk tankları homurdanarak eziyor eoka siperleri
,"korkakça kaçıyorlar,duramıyorlar mehmetçiğin önünde"
,masum insanları katletmesini biliyorlar
,ta yirmi senedir kıbrıs türk'ünü kana buladıkları
,enosis hayalleri suya düştü yunancı emperyalistlerin
,kıbrıs artık esaret yeri değil millet için; yavruvatan
,şanlı al bayrak kıbrıs'ta zaferle dalgalanan...
,
Yaldızlarla Gel,
,İsmi özlenmiş kahraman
,Gök yüzünden akan yıldızlarla gel
,Dermanın yüzü eskidi belli
,Ruhuma derman aynasıyla gel
,Hayatın güzel kaynağı
,Akıp yüreğime çağlayanla gel
,Ey bize gönderilmiş rahmet yürekli
,Ceylanı yakan gözlerinle gel
,
Atatürk,
,Koca milletin atası ulu önderi
,Tek başına tarih yazan kahraman!
,Allah razı olsun nur içinde yat
,"kurtarıcısın, millet var oldukça lidersin"
,Seni sevmeyen kahrolsun
,İhanetçiler Allah'tan bulsun
,"kalp senle hep, unutma"
,Seni seviyorum Mustafa Kemal...
,
Kahraman olmak,
,Pencerenin önünde öyle durup
,Yolculuklar hayal etmek olurdu
,otobüs camının garantisindeki yanağına
,Dar bozuk yolların titreşimler vermesiydi
,Boyundan büyük insanlar tanıması
,taşı kendi şansına çekmesiydi okey masasında
,birde ölüme denk birinin elini tutması
,Kahraman olması herkesin gözünde
,Büyümek di onun boyunun kısa gelmediği masada yemek yemek.
,
Gün gelir,
,Aşkınla yanan kalbim gün söner
,Nefret sevgiyi gün yener
,Eller ah eller kara güller derer
,Aşkın kahramanlığı ogün biter
,Gün gelir ayrılık bizide bulur
,Gün gelir nefret kalbe sokulur
,Gün gelir sevgiler birden durulur
,İşte gün aşk denilen kahraman vurulur.
,
Türkiye Hali,
,Neden bali çekiyor çocuk
,Onun hakkı değil mutluluk
,Biter doğumla başlayan yolculuk
,İyi yaşasın yoldaki yavrucuk
,yersiz kavgalara son verelim
,Düşmana beraber göğüs gerelim
,Gelecek nesle çiçekler serelim
,gerçek gücümüzü gösterelim
,İçeri sızmış dört yandan düşman
,Halledersin birlik olduğun zaman
,Senin evladın kahraman
,Hata! dostu dışarıda araman
,İnsanlar eceliyle ölsün artık
,hiç uğruna solan güle yazık
,rezalete tek Allah tanık
,Doğruyu gösteren oluyor sanık
,Türk evladına çıksaydın sahip
,Şiirle mahkum olurdu Tayyip
,Güzel vatana düşman talip
,Seni yöneten minti tipitip
,
Taştan Kuleler,
,Usul usul cennete süzülüp
,Korkusuzca uçurumlardan atlayan
,Sinmiş gül kokuları eşliğinde
,Sevgilinin saçlarını okşayıp
,Göklerin efendilerini koruyan
,Deli rüzgarlar varmış tepelerde.
,Efsanelerdeki kahraman
,Göklerden bizleri seyredeceğine
,Dikiliver önümüzde.
,Deli rüzgarlar varmış tepelerde
,Nerede?
,Yerleridir öğrenmek istediğim.
,Bulan var acaba?
,Bizlere bakıp kıs kıs güldükleri yerleri
,(Dünyanın hatırlamadığım köşesinde)
,
Balıklarla Şiir,
,Sandalına aşık yaşlı balıkçı
,Günün ilk ışıklarıyla açılır denize
,Balıklarla beraber birkaç dize
,Benim şiirlerimden söyleşir
,Pek yufkadır yüreği
,Hüzünlü balıkları serbest bırakır
,Martılar hayret içinde kalır
,Balıkçının garip haline
,akşam döner sevinç içinde
,Sahildeki küçük kulübesine
,Köpüklerle yaşadığı hadise
,Gelecekte tekrar yaşanacaktır
,gün kahraman olduğu
,roman içinde..
,30.09.05
,
Koca İstanbul,
,Göç olur sene topraklarına
,Yerim yok demezsin koca istanbul
,Saymadım içinde kaç millet yaşar
,Manav Remzi'nin yuvası şehir
,Yakamoz suyunda güzel
,Oltam var mavinde kısmet bekler
,Yeşerir dalların yağmuru çeker
,Balıkçı Osman'nın yuvası şehir
,Mihrimah Sultan'ın yalısı yatar
,Barbaros Hayrettin denize bakar
,Göç geldi limana yüzüne bakar
,Göçmen Rıza'nın yuvası şehir
,Hasan'ın bayrağı surlar üstünde
,Rumeli hisarı yatıyor öyle
,Ormanın içinde camlı köşkünde
,Padişah Selim'in yuvası şehir
,Mübarek ayların camilerinde
,Dualar okunur türbelerinde
,Adaklar kesilir çayırlarında
,Kasap Hamza'nın yuvası şehir
,Boğazda seferler suyunda yüzer
,"Anadolu,Avrupa seninle güzel"
,gemi geçiyor bacası tüter
,Kaptan Cemal'in yuvası şehir
,Atamı uyuttun kollarında
,Nöbetler tutulur saraylarında
,Mehmet'in kışlası Beşiktaş'ında
,Kahraman Ordumun yuvası şehir
,Cemal Göktepe
,Rumuz:Kasabalı
,email: kaan973@mynet.com
,
Unutuldum,
,Şarkı oldum dillerde
,Kalem oldum ellerde
,Mutluluk oldum tellerde
,"unutuldum,yine unutuldum."
,"Gül olsam dallarda,koklasalar"
,"Tat olsam ballarda,yoklasalar"
,"Hatıra olsam, cüzdanlarında saklasalar"
,"unutuldum,yine unutuldum."
,Kuş olsam sonsuzluğa ötsem
,Kırkbinkez gönüllere gitsem
,İnsanlığa hep menfaat etsem
,"unutuldum,yine unutuldum."
,Makam olsam otursalar
,Kahraman götürseler
,Milyonlarca selavat getirseler
,"unutuldum,yine unutuldum."
,
Çanakkale Ruhu,
,"Yürüdü tek dişli canavar, kinini kustu,"
,Durdu sanki tüm dünya herkes neden sustu?
,"Siper etti Mehmet gövdesini yüreğindeki imanla,"
,Damarlarında kalan son damlaya kanla.
,Düşünün metrekareye düşen altı bin mermi
,Türk askeri hiç siner mi?
,"Tükenmedi sabrı tükenmedi azmi,"
,Onları yıkacak top yoksa tüfek mi?
,"Kurtardı evlatları aziz milletin,"
,"Kopardın aldın elinden zilletin,"
,Kahraman askerleri beşeriyetin
,Senin yerindir en güzel yeri cennetin!
,
Umut,
,Umut;
,"ayrılık sonrası,"
,Sokak çocuklarının
,Keman dinlemesi…
,Umut;
,"Ay ışığında terlerken,"
,"Dokundukça yorgana,"
,Belirsizliği bilmek…
,Umut;
,"Kel duygular aynasında,"
,"Kestirdikçe saçları,"
,Soğukluğu hissetmek...
,Umut;
,"Dizelere saklanmak,"
,"Kahraman sanılmak,"
,sonra kaybolmaktır! ...
,"Umut, fakirin ekmeğidir..."
,"Umut, bizim çocuğumuzdur..."
,
Yalnızlığa Öfke,
,Gövdemi kesen bıçak
,Kalbime sessizce sığınmaya çalışan
,Çocuk
,Rüzgar dağıt öfkemi
,Yalnızlık ellerimize girdi
,Çığlık
,Gün yüzü görmemiş suçlar
,Ekledik birbirimize
,Rüzgar kurut öfkemi
,"Zeybek adımlarıyla, tutunmadan"
,"Değmeden kimseye, sarhoş"
,Sevincinde hep kahraman
,Uykudayken sürgün
,Kimsesiz nedensiz
,Buz mutlu oldun mu?
,Yalnızlık ellerimize girdi
,Zeybek adımlarıyla
,Rüzgar savur yalnızlığı
,Dağılsın
,
yok,
,hayır diyemedim hiçbir zaman
,tek hatamdı belki hayatım boyunca
,söyleyemedim inan yalan sana
,hep saklanmam gerekti sevdadan
,hiç olamamışçasına aşık olmam
,inan kaçamadım yalandan
,hep arkamdan vurdu beni
,an ensemdeydi nefesi
,kaçamadım ulan kaçamadım yalandan
,şimdi görüyorum
,haksızların dünyasında yaşamışım
,buca zaman......
,yinede kurtulamadım ahlaksızlardan
,sanki yanımı sarmışlar
,sanki ellerimi ayaklarımı bağlamışlar
,küskünüm inan küskünüm mavi bulutlara
,yıllar yavan
,hayat yalanki
,buruk tadı var sefaletin
,hatırmda olan düşmanlıklar dahi
,kahraman
,yanlış yerdeyim inan
,
Masal,
,varmış yokmuş diye başlar masallar
,Bizim hikayemizde öyle başlamıştı.
,varsın yoksun
,Baştan sona defalarca kez okudum
,Peri masalı hallerindeydi uzaktan bakınca
,Bizim hikayemiz
,Aşk masumdu
,Sevgi kırgındı
,"Umut yoktu,kahraman yoktu.son yoktu"
,"kaç silik hatıra vardı,"
,"Belli belirsiz kaç gülücük,"
,anlama geldiğini bilmediğim iki çift söz
,Bizim hikayemizde
,Cevabını bulamamış sarhoş sorular vardı
,Özlem vardı
,Hasret vardı
,vardım
,Birde odamın duvarına astığım soluk resmin vardı.
,yoktun
,
Umut,
,"hasret olacaksın,"
,umut.
,Bütün yanlızlık oyunlarını
,Oynayacağız beraber.
,"özleteceksin,"
,özleyeceğim.
,"ağlatacaksın,"
,"ağlayacağım,"
,Gözlerimde iki damla yaş.
,olumsuzluklar prensesi
,Bense kahraman!
,oyun
,Yeni sahne
,aldatıyorsun!
,aldanıyorum!
,
Hala Uyandırmadın,
,Bazen avukat
,Bazen futbolcu
,Bazen kahraman
,Bazen âşık olurdum
,Rüyalarımda
,
,davamı kazanacakken
,golümü atacakken
,düşmanımı yenecekken
,sevdiğime kavuşacakken
,Uyandırırdın beni abla
,
,1999 yılının
,Mayısının dokuzunda
,Pazar akşamı
,Ablasından ayrılan
,Yüreği kan ağlayan
,Yılar sonra ilk kez
,Vicdanı sızlayan
,erkek kardeş oldum
,Rüyamda
,beni
,uyandırmadın abla
,
Ölümüme Atfen,
,"ben,bugün kendimi öldürdüm,"
,"yavaş yavaş,bilerek isteyerek"
,söyledikleri korkunç değil
,"taşın yerini değiştirdim,ve dağ çöküverdi üzerime"
,sevenlerim bilsin acı çekmedim
,mutluyum gururluyum öldüğüm
,"ben,bugün derisi yüzülmüş hayvan gibiyim"
,duygularımı yüzdüm benliğimden
,böylece öldürdüm kendimi
,"kaynaklarımı kuruttum,susuzluktan öldüm belki"
,artık düşünmenin ağır yorgunluğunu duyumsamayacak
,sevmenin sorumluluğunu taşımayacak
,hiçbir şeyden korkmayacak
,"ölmek,büyük huzura kavuşmaktır,kimse bilmez"
,"artık biliyorum,bugün öldürdüm kendimi"
,"çiçekler soldukları üzülürler mi,"
,dalından kopan yaprak kaderine isyan eder
,kabulleniş içerisindeyim bugün.
,"kader,ne tanrı,ne insanlar"
,ölümün sorumluluğu bana ait.
,"suçlu benim,kahraman da..."
,
Karşılıksız Sevda,
,sevilen oldum kahraman
,sevenim olacak zaman
,birine vuruldum halim yaman
,Karşılıksız sevmişim çekerim aman
,Birgün mutlu hayatım birgün acı
,Aklıma gelir aşklar çekerim sancı
,Karşılıklı sevda başımın tacı
,Yok dünyanın sevdama inancı
,geldi aşk kapıma dayandı
,Çalışmışım unutmaya aşkın inadı
,Bırakmıyor beni tutmuş yakamı
,Kopmuş desem bendeki aşkın kanadı
,Leyla Mecnunu Mecnun Leylayı
,Sevmişlerdi birbirlerini karşılıklı
,birini biri bensizligi
,Seçmiştik böyle yoktu karşılığı
,
